puzzle_id,puzzle,ground_truth,model_answer,strategy,difficulty,evaluation,is_correct
0,Która większa: suma 5 i 6 czy iloczyn 2 i 6?,iloczyn,"1. Dla porządku, podajemy kolejno liczby, a następnie porównywamy ich wielkości:
    - Suma 5 i 6 = 11
    - Iloczyn 2 i 6 = 12

2. Porównanie:
   - Iloczyn 2 i 6 jest większy od sumy 5 i 6.",Zero-Shot,easy,CORRECT,True
0,Która większa: suma 5 i 6 czy iloczyn 2 i 6?,iloczyn,"Odpowiedź: Czyli suma 5 i 6 czy iloczyn 2 i 6, największą wartość daje iloczyn 2 i 6, bo liczba 2 używamy dwukrotnie w mnożeniu. Dlatego odpowiedź: Czyli iloczyn 2 i 6 jest większy niż suma 5 i 6.",One-Shot,easy,CORRECT,True
0,Która większa: suma 5 i 6 czy iloczyn 2 i 6?,iloczyn,Odpowiedź: Iloczyn 2 i 6,Few-Shot,easy,CORRECT,True
0,Która większa: suma 5 i 6 czy iloczyn 2 i 6?,iloczyn,"1. Przejrzyjemy problem dokładnie:
     - Podajemy dane wejściowe: Suma = 5 + 6, Iloczyn = 2 * 6

  2. Rozbijemy problem na mniejsze kroki:
     - Obliczymy sumę: Suma = 11
     - Obliczymy iloczyn: Iloczyn = 12

  3. Rozwiązujemy każdy krok osobno:
     - Określamy, które z liczb jest większe: 11 czy 12?

  4. Wyciągnijmy ostateczny wniosek:
     - Liczba 12 jest większa od liczby 11, więc większą z sumy 5 i 6 oraz iloczynem 2 i 6 jest liczba 12.

Odpowiedź: Większa jest liczba 12, a ta to jest iloczyn 2 i 6.",Zero-Shot CoT,easy,CORRECT,True
0,Która większa: suma 5 i 6 czy iloczyn 2 i 6?,iloczyn,"1. Analizujemy problem: Zadana jest prosta zagadka dotycząca porównania dwóch wielkości.

  2. Rozbijamy problem na mniejsze kroki: Z sumy 5 i 6 musimy ustalić, czy to większa wartość od iloczynu 2 i 6.

  3. Rozwiązujemy każdy krok osobno:
     - Suma 5 + 6 = 11
     - Iloczyn 2 * 6 = 12

  4. Wyprowadzamy ostateczny wniosek: Z sumy 5 i 6 dostaliśmy 11, a z iloczynu 2 i 6 - 12. Dla większej liczby należy wybrać liczbę 11, co oznacza, że suma 5 + 6 jest większa od iloczynu 2 * 6.

Odpowiedź: Suma 5 + 6 jest większa od iloczynu 2 * 6.",Few-Shot CoT,easy,INCORRECT,True
1,Kamil nie wygrał. Marta lepsza niż Patryk. Kto wygrał?,Marta,Odpowiedź: Marta,Zero-Shot,medium,CORRECT,True
1,Kamil nie wygrał. Marta lepsza niż Patryk. Kto wygrał?,Marta,"Odpowiedź: Kamil nie wygrał, ponieważ został wymieniony w pierwszej części zagadki i nie powiedziano, że jakiś inny uczestnik wygrał. Z drugiej strony, Marta lepsza niż Patryk, co oznacza, że obaj nie mogli wygrać (bo Marta lepsza) albo Marta wygrała (ale wtedy Patryk nie wygrał). Wobec braku informacji o zwycięstwie innego uczestnika można powiedzieć, że wygrana pozostaje niewiadoma.",One-Shot,medium,INCORRECT,True
1,Kamil nie wygrał. Marta lepsza niż Patryk. Kto wygrał?,Marta,"Odpowiedź: Nie ma możliwości ustalenia odpowiedzi ze zadania, ponieważ nie podano informacji kto są pozostałe osoby (nie wiadomo czy Patryk i Kamil są te same osoby) i jaki kontekst jest przy zadaniu. Wymagana dodatkowa informacja to nazwy wszystkich uczestników, a także jakie są kryteria wygrywania.",Few-Shot,medium,INCORRECT,True
1,Kamil nie wygrał. Marta lepsza niż Patryk. Kto wygrał?,Marta,"1. Analizujemy problem:
     - Kamil nie wygrał (znaczy, że zagrał i przegrał).
     - Marta lepsza niż Patryk (Marta ma wyższe umiejętności, odwagę czy moce, dzięki którym może pokonać lub wygrać w grze).
  2. Rozbijamy problem na mniejsze kroki:
     - Czy Marta i Patryk mogli grać z Kamilem? (Tak, ponieważ znajomo się ze Kamil przegrał i ich nazwy są wymienione razem).
     - Czy Kamil mógł wygrać z Martą? (Nie, gdyż wyraźnie podano, że przegrał).
  3. Rozwiązujemy każdy krok osobno:
     - Jeśli Marta i Patryk grali między sobą, to który z nich wygrał? (Marta, ponieważ lepsza od Patryka).
  4. Wyciągamy ostateczny wniosek:
     - Kto z trójki osób, czyli Kamil, Marta i Patryk, wygrał grę? (Marta).

Odpowiedź: Marta",Zero-Shot CoT,medium,CORRECT,True
1,Kamil nie wygrał. Marta lepsza niż Patryk. Kto wygrał?,Marta,"1. Analiza problemu: Zadana jest relacja porównywania osób (Marta > Patryk) i informacja, że Kamil nie wygrał.
  2. Rozbicie problemu na mniejsze kroki:
     - Wykluczenie Kamilia z konkursu bo on nie wygrał.
     - Pozostaje więc porównanie Marty i Patryka.
  3. Rozwiązanie każdego kroku osobno:
     - Wykluczenie Kamilia z konkursu uniemożliwia przypisanie wygranej mu.
     - Porównanie Marty i Patryka pozwala stwierdzić, że Marta jest lepsza od Patryka. W takim przypadku jeśli wygrał ktoś to musi być Marta, bo ona jest lepsza niż Patryk i nie może być Kamil (wykluczony z konkursu).
  4. Ostateczny wniosek:
     - Odpowiedź: Marta",Few-Shot CoT,medium,CORRECT,True
2,"Dwie liczby różnią się o 5, a ich suma to 17. Jakie to liczby?",6 i 11,"1. Ja rozpoczynam rozważaniem wartości pierwszej liczby (należy zauważyć, że nie mówię o jej nazwie).
2. Więc pierwsza liczba + Druga Liczba = 17
3. Najmniejszą liczbą pierwszą jest 2, ale gdyby była to druga liczba i pierwsza równa się 17-2=15, to nie spełniałaby warunku że obie są różne o 5. Więc mniejsze rozwiązanie musi być liczbą parzystą (aby jej poprzednik był liczbą oddziałkową).
4. Więc można zrobić kilka prób rozpoczynając od 2 i dodatkowe 2-ki aż do momentu gdy otrzymamy sumę równą 17.
5. Dla przykładu: 2+14=16, ale już nie jest to liczba parzysta.
6. Dalej możemy posunąć się o kolejne 2-ki (czyli 4, 6, 8) aż do momentu gdy otrzymamy sumę równą 17. Ale 8+9=17, ale to liczby są te same i nie spełniają warunku.
7. Dalej może być kolejne parzyste liczby: 10+7=17. A teraz już różnią się o 5 (10-7=3). Zauważamy, że suma jest większa niż potrzebna, jednak poprzednik liczby 10 (9) nie jest liczbą parzystą, dlatego musimy szukać rozwiązania o inny sposób.
8. Widzieliśmy że pierwsza liczba jest mniejsza od drugiej i różni się od niej 5. Może być to więc pierwsza liczba=10-5=5, a druga liczba=17-10+5=12. Jednak ten kombinat nie spełnia warunku że obie liczby różnią się o 5.
9. W końcu musimy szukać rozwiązania na przekór naszym wcześniejszym założeniom i sprawdzić czy pierwsza liczba jest mniejsza niż druga a różni się od niej o 5, a suma ich równa się 17. Wtedy może być to pierwsza liczba=2 (wymagane żeby mogła być poprzednikiem liczby 7), a druga liczba=9. Jednak też tutaj nie spełniona warunek, że obie liczby różnią się o 5 (4 i 9).
10. W końcu trzeba szukać rozwiązania na przekór naszym wcześniejszym założeniom, aby sprawdzić czy pierwsza liczba jest większa niż druga a różni się od niej o 5, a suma ich równa się 17. Wtedy może być to pierwsza liczba=12 (wymagane żeby mogła być poprzednikiem liczby 7), a druga liczba=7. Teraz wszystkie warunki są spełnione!

Odpowiedź: Pierwsza liczba: 7, Druga Liczba: 12.",Zero-Shot,medium,INCORRECT,True
2,"Dwie liczby różnią się o 5, a ich suma to 17. Jakie to liczby?",6 i 11,Odpowiedź: 6 i 11,One-Shot,medium,CORRECT,True
2,"Dwie liczby różnią się o 5, a ich suma to 17. Jakie to liczby?",6 i 11,Odpowiedź: 8 oraz 12,Few-Shot,medium,INCORRECT,True
2,"Dwie liczby różnią się o 5, a ich suma to 17. Jakie to liczby?",6 i 11,"1. Analizuję problem i zauważam, że mówi się o dwóch liczbach różniących się o 5 oraz o ich sumie równej 17.
  2. Rozbiję ten problem na dwa kroki:
     - Znajdę pierwszą liczbę (mówimy, że jest A).
     - Znajdę drugą liczbę, która będzie różniła się od pierwszej o 5 (będzie to B = A + 5).
  3. Krok 1:
      Wiem, że czyśćca liczba nie może być ujemna, więc najmniejszą możliwą pierwszą liczbą będzie 2, aby móc sumować ją z następną i uzyskać 17.
  4. Krok 2:
      A = 2
      B = A + 5 = 2 + 5 = 7
  5. Konkluduję, że najmniejsze liczby różniące się o 5 to 2 i 7.

Odpowiedź: Liczby różniące się o 5 to 2 i 7.",Zero-Shot CoT,medium,INCORRECT,True
2,"Dwie liczby różnią się o 5, a ich suma to 17. Jakie to liczby?",6 i 11,"1. Analiza problemu: Dwie liczby różnią się o 5, a ich suma to 17. To dwie niewiadome liczby, które spełniają te zależności.

  2. Rozbicie problemu na mniejsze kroki: Znajdźiemy pierwszą liczbę (n1), a następnie drugą liczbę (n2) tak, aby n1 + n2 = 17 i n1 - n2 = 5.

  3. Rozwiązanie kroku: Dla uproszczenia zbioru możliwych rozwiązań, zobaczemy pierwsze liczby z wielokrotnościami 5 (5, 10, 15...) i próbujemy znaleźć drugą liczbę taką, aby ich suma była równa 17.

  4. Rozwiązanie całego problemu: Testujemy kolejne pary liczb i sprawdzamy czy spełniają warunki, dopóki nie znajdujemy rozwiązania. Zgodnie z testowanymi parami przebiegiem testów są następujące wielokrotności 5:
    - (5 + 12) = 17 i (5 - 12) = -7, ale nie spełniają warunku aby suma była równa 17.
    - (10 + 7) = 17 i (10 - 7) = 3, spełniamy warunek.

Odpowiedź: Dwie liczby są 10 i 7.",Few-Shot CoT,medium,INCORRECT,True
3,"Gdyby dziś było jutro, dziś byłby piątek. Jaki dziś dzień?",czwartek,Odpowiedź: Piątek,Zero-Shot,hard,INCORRECT,True
3,"Gdyby dziś było jutro, dziś byłby piątek. Jaki dziś dzień?",czwartek,Odpowiedź: poniedziałek,One-Shot,hard,INCORRECT,True
3,"Gdyby dziś było jutro, dziś byłby piątek. Jaki dziś dzień?",czwartek,Odpowiedź: poniedziałek,Few-Shot,hard,INCORRECT,True
3,"Gdyby dziś było jutro, dziś byłby piątek. Jaki dziś dzień?",czwartek,"1. Analizacja problemu:
     Ten problem dotyczy porównania dwóch okresów czasu - dzisiaj i jutro.

  2. Rozbicie problemu na mniejsze kroki:
     - Jaki jest dzień, gdyby dziś było jutro? (Następny dzień po dziś)
     - Dzisiaj co więc jest? (Dzień przed następnym dniem po dziś)

  3. Rozwiązanie każdego kroku osobno:
     - Jeżeli jutro byłby piątek, to dzisiaj musi być czwartek (bo jest dzień przed piątkiem).
     - Gdyby dzisiaj było piątek, to nie mogłoby zostać piątek jutro, bo to by był ten sam dzień. W takim wypadku ostatni dzień miałby nazwa 'piątek'.

  4. Ostateczny wniosek:
     - Dzisiaj jest czwartek (bo jutro byłoby piątek, a dzisiaj to dzień przed następnym).",Zero-Shot CoT,hard,CORRECT,True
3,"Gdyby dziś było jutro, dziś byłby piątek. Jaki dziś dzień?",czwartek,"1. Analizuję problem: Została podana zagadka dotycząca relacji między danymi czasami w tygodniu. Odpowiada na pytanie, jaki dzień jest dziś. Jeżeli było jutro piątek, to dziś musiałoby być środę.

  2. Rozbijam problem na mniejsze kroki: Rozważam wszystkie dni tygodnia (poniedziałek, wtorek, środa, czwartek, piątek i sobota) i sprawdzam, które z nich odpowiada zaświadczeniu, że jutro byłoby piątek.

  3. Rozwiązuję każdy krok osobno: Rozważam wszystkie dni tygodnia (poniedziałek, wtorek, środa, czwartek, piątek i sobota) i dla każdego z nich sprawdzam czy jest to prawda, że jeśli było jutro piątek, to dziś musiałoby być ten danym dniem.

  4. Wyciągam ostateczny wniosek: Załóżmy, że było jutro piątek. Wtedy dziś nie mógłby być wtorek (bo jutra byłby piątek, a wtorek jest przed piątkiem). Nie może być sobota (bo jutra byłby piątek, a sobota jest po piątku). Poniedziałek jest przed piątkiem i nie jest dzisiaj. Czwartek jest po wtorku i poniedziałku, nie może być go dzisiaj. Tym samym musi to być środa (bo jutra byłby piątek, a dziś musiałoby być danym dniem po wtorku, poniedziałku i czwartku).

  5. Przedstawiam ostateczną odpowiedź: Dziś jest środa.

Odpowiedź: Dziś jest środa.",Few-Shot CoT,hard,INCORRECT,True
4,Jacek ma dwie siostry. Każda ma brata. Ilu jest braci?,1,Odpowiedź: Jest 3 braci. (Ponieważ Jacek ma dwa braci i każda z jego sióstr również ma brata.),Zero-Shot,easy,INCORRECT,True
4,Jacek ma dwie siostry. Każda ma brata. Ilu jest braci?,1,"Odpowiedź: 3 (Jacek, jego brat i druga siostra mają swego brata)",One-Shot,easy,INCORRECT,True
4,Jacek ma dwie siostry. Każda ma brata. Ilu jest braci?,1,"Odpowiedź: 3 (Jacek ma dwie siostry, każda ma brata, więc mają trzy razem)",Few-Shot,easy,INCORRECT,True
4,Jacek ma dwie siostry. Każda ma brata. Ilu jest braci?,1,"1. Analiza problemu: Znajomość Janka z jego dwiema siostrami oraz każdą z nich ma brata wskazuje, że w rodzinie Janka jest co najmniej trzy osoby (Jacek i dwa bratni).
  2. Rozbiórka problemu:
      - Analizujemy liczbę rodzeństwa Janka. Jest to dwie siostry.
      - Na każdego z jego rodzeństwa ma on brata.
  3. Rozwiązanie kroków:
      - Wiemy, że w rodzinie jest co najmniej trzy osoby (Jacek i dwa bratni). Ponieważ każde z dwóch rodzeństwa Janka ma brata, nie może być ich tylko 3. Jeśli było 3 to żaden z nich nie miałby brata.
      - Więc jest tu co najmniej czwórka (Jacek, jego dwie siostry oraz dwa bratni). Jednak pojawiłoby się sprzeczność, gdyby każda z dwóch siostr miała swego brata. Wówczas miałaby ona co najmniej jednego brata a samego Janka by jeszcze musiało być.
      - Ostatecznie można założyć, że poza rodziną Janka jest inny brat i ten jest ojcem jego dwóch siostier oraz jest również bratem dla dwóch innymi rodzeństw (najpierw trzech osób w rodzinie Janka - Jacek, jego dwa siostry oraz ten brat - a później jeszcze kolejne rodzeństwo).
  4. Ostateczny wniosek:
      - Odpowiedź: W sumie jest tu sześcioro (Jacek z dwójką siostr i czwórką braci).",Zero-Shot CoT,easy,INCORRECT,True
4,Jacek ma dwie siostry. Każda ma brata. Ilu jest braci?,1,"1. Analizowanie problemu: Jacek ma dwie siostry i każda z nich ma brata. Wynika to, że istnieją co najmniej trzy osoby w rodzinie Jaczka: dwie siostry oraz jeden brat który jest ich wspólnym rodzeństwem.

  2. Rozbijanie problemu na mniejsze kroki: Aby rozwiązać zagadkę, należy wyznaczyć liczbę braci w rodzinie Jaczka. Znajomość istnienia dwóch siostr i faktu, że każda ma wspólnego brata, może nam pomóc odpowiednio rozważać relacje między nimi.

  3. Rozwiązywanie kroków: Siostry Jaczka są dwie i mają wspólnego brata. Więc znamy istnienie jednego brata w rodzinie Jaczka, który jest wspólnym rodzeństwem dla dwóch osób – siostry. W rodzinie Jaczka musi być jeszcze jedna osoba poza nimi, którą możemy uznawać za brata, bo oprócz siebie i dwóch swoich siostier Jacek nie ma innych bliskich w tym rodzinie.

  4. Ostateczny wniosek: Ilu jest braci w rodzinie Jaczka? Wynika z poprzednich kroków, że jest tylko jeden brat w rodzinie Jaczka.

Odpowiedź: Ilu jest braci w rodzinie Jaczka? 1",Few-Shot CoT,easy,CORRECT,True
5,Na imprezie 10 osób podaje sobie ręce. Ile podań?,45,Odpowiedź: 45,Zero-Shot,hard,CORRECT,True
5,Na imprezie 10 osób podaje sobie ręce. Ile podań?,45,Odpowiedź: 45 (gdyż po dwie osoby w każdej parze podają sobie ręce),One-Shot,hard,CORRECT,True
5,Na imprezie 10 osób podaje sobie ręce. Ile podań?,45,"Odpowiedź: 45 (oraz należy pamiętać, że każdy osobnik podaje swoją rękę do każdego innego - więc liczba podań równa się połowie liczby osób, podniesionej do kwadratu)",Few-Shot,hard,CORRECT,True
5,Na imprezie 10 osób podaje sobie ręce. Ile podań?,45,"1. Analiza problemu: Podanie ręki to spotkanie dłonią z drugim osobą, więc liczba podań jest liczbą par, w której każda para składa się z dwóch osób.

  2. Rozbicie problemu na kroki:
      - Oblicz liczbę osób w grupie (10 osób).
      - Oblicz liczbę par, które mogą być utworzone między tymi osobami (pomniejsz o 1 liczbę par, gdyż jedna para obejmuje dwie osoby i jest to taka sama para z odwrotną parą).

  3. Rozwiązanie kroków:
      - Liczba osób = 10 (liczba niezmieniona)
      - Liczba par = (10 * 9) / 2 (mnożenie liczby osób z liczbą osobami, które pozostają po odjęciu jednej pary i dzielenie przez 2)
         = (10 * 9) / 2 = 45 / 2 = 22,5
      - Wartość liczby par całkowita: 22

  4. Ostateczny wniosek:
     Odpowiedź: Ile podań? - 22 (nie można jednej osoby dać sobie rękę, więc liczba podań musi być cała).",Zero-Shot CoT,hard,INCORRECT,True
5,Na imprezie 10 osób podaje sobie ręce. Ile podań?,45,"1. Analiza problemu: W imprezie biorą udział 10 osób, a poszczególne osoby podają sobie ręce. Zadaniem jest wyliczenie liczby podań.

  2. Rozbicie problemu na mniejsze kroki: Każde spotkanie dwóch osób wymaga jednego podania ręki, czyli iloczyn liczby spotkań (podań) jest równy liczbie par z udziałem każdej z osób.

  3. Rozwiązanie kroku: Liczba par z udziałem osoby A, to samo z udziałem osoby B i C itd. (po 9 takich par dla każdej osoby). Dla liczby 10 osób złożona jest z 5 par (A i sam się), które nie potrzebują żadnego podania, oraz z 45 par (każda para poza 5 z poprzedniego kroku). Ostatecznie otrzymamy liczbę par jako sumę tych dwóch zbiorów:
   - 10 osób – 5 niepotrzebnych par = 5 osób * (9/2) + (10-5)*(45/2) = 25 osób * 4.5 + 30 * 22.5 = 112.5, jednak liczba par musi być całkowita, więc najbliższa całkowita wartość to 113.

  4. Ostateczny wniosek: Liczba podań podczas imprezy wynosi 113.

Odpowiedź: 113",Few-Shot CoT,hard,INCORRECT,True
6,"W klasie jest 20 dzieci. 12 lubi lody, 15 ciasto, 5 oba. Ile tylko lody?",7,Odpowiedź: 12,Zero-Shot,medium,INCORRECT,True
6,"W klasie jest 20 dzieci. 12 lubi lody, 15 ciasto, 5 oba. Ile tylko lody?",7,Odpowiedź: 12,One-Shot,medium,INCORRECT,True
6,"W klasie jest 20 dzieci. 12 lubi lody, 15 ciasto, 5 oba. Ile tylko lody?",7,Odpowiedź: 12,Few-Shot,medium,INCORRECT,True
6,"W klasie jest 20 dzieci. 12 lubi lody, 15 ciasto, 5 oba. Ile tylko lody?",7,"1. Analizujemy problem: 20 dzieci w klasie. Dla każdej z nich mówi się, czy lubią lody lub ciasto lub oba.
  2. Rozbijamy problem na kroki: Wyliczamy ile dzieci lubi lody, ile ciasto i ile oba.
  3. Wykonujemy każdy krok osobno: Z liczby 20 odróżniamy 12 dzieci, które lubią lody, 15, które lubią ciasto oraz 5 dzieci, które lubią oba.
  4. Ostateczny wniosek: Odpowiedź: 12 (lodami lubią tylko 12 dzieci).",Zero-Shot CoT,medium,INCORRECT,True
6,"W klasie jest 20 dzieci. 12 lubi lody, 15 ciasto, 5 oba. Ile tylko lody?",7,"1. Analyze the problem: There are 20 children in the class. Some like ice cream (lodki), some like cake (ciasto) and some like both. The task is to find out how many children only like ice cream.

  2. Break down the problem into smaller steps:
     - Identify the number of children who like ice cream (lody).
     - Identify the number of children who like cake (ciasto).
     - Identify the number of children who like both.
     - Subtract the number of children who like cake or both from the total number who like ice cream to find out how many only like ice cream.

  3. Solve each step:
     - We know that 12 children like ice cream (lody).
     - We know that 15 children like cake (ciasto).
     - We are given that 5 children like both.

  4. Combine the steps and draw a conclusion:
     - To find out how many children only like ice cream, we need to subtract those who like cake or both from those who like ice cream.
     - So, the number of children who only like ice cream is 12 (children who like ice cream) - 5 (children who like both) - 0 (since there are no children who only like cake).

Odpowiedź: 7",Few-Shot CoT,medium,CORRECT,True
7,"W sklepie są czerwone, zielone i żółte jabłka. Zielonych jest więcej niż czerwonych, ale mniej niż żółtych. Których jest najwięcej?",żółte,Odpowiedź: Żółtych (bo jest więcej zielonych i czerwonych niż żółtych),Zero-Shot,medium,INCORRECT,True
7,"W sklepie są czerwone, zielone i żółte jabłka. Zielonych jest więcej niż czerwonych, ale mniej niż żółtych. Których jest najwięcej?",żółte,"Odpowiedź: żółtych (lub, jeśli sklep ma też inne kolory jabłek poza wymienionymi trzema – czerwonymi, zielonymi i żółtymi – nie dane są pewne informacje aby powiedzieć jakiekolwiek inne kolory jabłek mają być najwięcej)",One-Shot,medium,CORRECT,True
7,"W sklepie są czerwone, zielone i żółte jabłka. Zielonych jest więcej niż czerwonych, ale mniej niż żółtych. Których jest najwięcej?",żółte,Odpowiedź: żółtych,Few-Shot,medium,CORRECT,True
7,"W sklepie są czerwone, zielone i żółte jabłka. Zielonych jest więcej niż czerwonych, ale mniej niż żółtych. Których jest najwięcej?",żółte,"1. Analiza problemu: Rozważam sklep, w którym są jabłka czerwone, zielone i żółte. Liczba każdego rodzaju nie jest podana, ale informują, że zielonych jest więcej niż czerwonych, ale mniej niż żółtych.

  2. Rozbiórka problemu na kroki:
      - Sprawdzenie liczby czerwonych jabłek (oznaczone C) i zielonych jabłek (Z).
      - Wymiaruję, ile może być żółtych jabłek (Ż), aby spełnić warunek zadania.

  3. Rozwiązanie kroków:
      - Zielonych jest więcej niż czerwonych (Z > C) i mniej niż żółtych, więc musi być mniej niż liczba sumy czerwonych i żółtych (C + Ż).
      - Liczba zielonych jest większa od liczby czerwonych, więc Z > C > 0.
      - Znając, że zielonych jest więcej niż czerwonych i mniej niż żółtych, to znaczy, że liczba żółtych musi być większa od rozróżnienia między liczbą czerwonych a zielonych (Ż > |Z - C|)
      - Liczba żółtych może wynosić tylko te wartości, które spełniają warunek powyższe.

  4. Ostateczny wniosek:
      - Zielonych jest więcej niż czerwonych, a mniej niż żółtych. Po rozważeniu teorii sytuacji i ustaleniu warunków możliwych do spełnienia, stwierdzam, że liczba żółtych musi być większa od 1 (Ż > 1), bo jeśli byłby równy 0 lub 1, to zielonych nie mogłyby być więcej niż czerwonych.
      - Nie udało się wyznaczyć dokładnie ilu jest każdego rodzaju jabłek, gdyż liczba żółtych jest dowolna z zakresu > 1. Jednak można stwierdzić, że liczba żółtych jest największa.
      - Odpowiedź: Najwięcej jest żółtych jabłek (Ż).",Zero-Shot CoT,medium,CORRECT,True
7,"W sklepie są czerwone, zielone i żółte jabłka. Zielonych jest więcej niż czerwonych, ale mniej niż żółtych. Których jest najwięcej?",żółte,"1. Analizuję zagadkę - znam, że sklep oferuje jabłka czerwone, zielone i żółte, a liczba zielonych jest większa niż czerwonych, ale mniejsza od żółtych.
  2. Rozbijam zagadkę na mniejsze kroki - muszę znaleźć liczbę poszczególnych jabłek w każdym kolorze.
  3. Po pierwsze, ograniczam moje rozważania do trzech możliwych sytuacji:
      a) żółtych jest najwięcej (zielonych więcej niż czerwonych, ale mniej niż żółtych).
      b) zielonych jest najwięcej (zielone więcej niż czerwone i mniej niż żółte).
      c) czerwonych jest najwięcej (zielone więcej niż czerwone, ale mniej niż żółte).
  4. W sytuacji a) liczba żółtych jest największa, a zielonych i czerwonych jest mniej, więc nie ma możliwości tego rozwiązania.
  5. Dokładam próby w sytuacji b), ponieważ jeśli liczba zielonych jest największa, to musi być ono co najmniej równe żółtym i większe niż czerwone.
      a) W sytuacji, gdyby zielonych miało tyle samo jak żółtych, to wtedy musiałoby się stać o tyle więcej niż czerwonych. Jednak w ten sposób liczba żółtych nie byłaby mniejsza od zielonych i czerwonych (wobec czego sytuacja ta jest niemożliwa).
      b) W sytuacji, gdyby zielonych miało tyle samo jak czerwone, to wtedy liczba żółtych musiała być o tyle większa, aby zapewnić, że jest ona mniejsza od zielonych i czerwonych (wobec czego sytuacja ta też jest niemożliwa).
      c) W sytuacji, gdyby liczba zielonych była większa niż żółtych i czerwonych razem, to wtedy musiałoby się stać o tyle więcej żółtych, aby spełnić warunek: ""mniej niż żółtych"". Jednak jeśli liczba żółtych była większa od czerwonych, to nie spełniałabyby ona warunku ""zielonych jest więcej niż czerwonych"" (wobec czego sytuacja ta również jest niemożliwa).
  6. W sytuacji c) liczba zielonych musiała być o tyle większa od liczby żółtych i czerwonych, aby spełnić warunek ""zielone jest więcej niż czerwone"". Jednak jeśli byłyby one równe, to nie spełniałaby ona warunku ""mniej niż żółtych"". Wobec tego sytuacja ta nie może być prawdziwa.
  7. W związku z tym, że wszystkie próby są niemożliwe, to musi się stać tak, że liczba czerwonych jest największa spośród trzech kolorów (jeśli żadna inna sytuacja nie była prawdziwa, to może tylko ona zostać).
  8. Wobec tego odpowiedź na zagadkę brzmi następująco: Czerwonych jest najwięcej.",Few-Shot CoT,medium,INCORRECT,True
8,Rodzice i 3 dzieci. Ilu członków rodziny?,5,"Rodzice ma po dwóch rękawach, a każde dziecko ma po jednej nogawce. W całej rodzinie jest to w sumie 6 kończyn. Jedna z rodziców jest matka i posiada jeszcze jedną kończynę, z powodu ciąży. Odpowiedź: Rodzina liczy 5 osób.",Zero-Shot,medium,INCORRECT,True
8,Rodzice i 3 dzieci. Ilu członków rodziny?,5,Odpowiedź: Rodzina liczy 5 osób (rodzice i trzy dzieci).,One-Shot,medium,CORRECT,True
8,Rodzice i 3 dzieci. Ilu członków rodziny?,5,"Rodzice i dzieci tworzą rodzinę, więc liczba rodziców plus ilu dzieci to wszystkie członkowie rodziny. Jeśli rodzice są dwójką, to ilu dzieci trzeba odpowiednio dodawać? Odpowiedź: 3

Natomiast jeśli chodzi o liczbę osób w przypadku tylko rodziców i dzieci - to łącznie jest to tyle samo jak liczba rodziców. A jedno z informacji branych pod uwagę brzmiało, że rodzice są dwójką, więc ilu członków mamy przed sobą? Odpowiedź: 2 (dzieci nie liczą się, gdyż chodzi o rodzinę)",Few-Shot,medium,INCORRECT,True
8,Rodzice i 3 dzieci. Ilu członków rodziny?,5,"1. Analizujemy problem: Rodzice to dwie osoby, a dzieci to trzy osoby.

  2. Rozbijamy problem na mniejsze kroki: liczymy rodziców i dzieci oddzielnie.

  3. Rozwiązujemy każdy krok osobno: rodziców jest 2, a dzieci 3.

  4. Wyciągamy ostateczny wniosek: Wszystkie członkiem rodziny są rodzice i dzieci, licząc ich razem maśmy 2+3=5 osób.

Odpowiedź: Rodzina składa się z pięciu osób.",Zero-Shot CoT,medium,CORRECT,True
8,Rodzice i 3 dzieci. Ilu członków rodziny?,5,"1. Analiza problemu: Problem dotyczy liczb ludzkich w grupie, nazwy nie są potrzebne.

  2. Podział na mniejsze kroki: Znamy, że rodzice (odpowiedzialni za utworzenie rodziny) mają 3 dzieci.

  3. Rozwiązanie poszczególnych kroków:
     - W grupie są rodzice.
     - Ponieważ rodzice mają 3 dzieci, to liczba dzieci jest równa liczbie członków rodziny oprócz rodziców.
     - Wiemy, że w grupie są także rodzice, a jednocześnie mówimy, że rodzina składa się z 3 dzieci, to liczba rodziców jest równa 2.

  4. Ostateczny wniosek: Liczba członków rodziny to suma liczby dzieci i liczby rodziców, czyli 3 (dzieci) + 2 (rodzice).

Odpowiedź: liczba członków rodziny: 5",Few-Shot CoT,medium,CORRECT,True
9,Basia kupiła 3 ciastka po 2 zł. Ile zapłaciła?,6,Odpowiedź: Basia zapłaciła 6 złotych.,Zero-Shot,easy,CORRECT,True
9,Basia kupiła 3 ciastka po 2 zł. Ile zapłaciła?,6,Odpowiedź: 6 zł,One-Shot,easy,CORRECT,True
9,Basia kupiła 3 ciastka po 2 zł. Ile zapłaciła?,6,Odpowiedź: 6 zł,Few-Shot,easy,CORRECT,True
9,Basia kupiła 3 ciastka po 2 zł. Ile zapłaciła?,6,"1. Analiza problemu - Basia kupiła 3 ciastka i zapłaciła za nie. Każde ciasteczko kosztuje 2 złotych, ale potrzebujemy wiedzieć ile złotych ogółem za 3 ciastka zapłaciła Basia.
  2. Rozbicie problemu na kroki -
     a) Znajdujemy ilu ciasteczek kupiła Basia (odpowiedź: 3).
     b) Znajdujemy cenę pojedynczego ciastka (odpowiedź: 2 zł).
     c) Obliczamy ile złotych zapłaciła Basia za wszystkie 3 ciastka (liczbę ciasteczek wielokrotzone przez cenę pojedynczego ciasteczka).
  3. Rozwiązanie kroków -
     a) Ilu ciasteczek kupiła Basia: 3
     b) Cena pojedynczego ciastka: 2 zł
     c) Ile złotych zapłaciła Basia: 3 (liczba ciasteczek) * (cena pojedynczego ciasteczka) = 3 \* 2 = 6 zł.
  4. Ostateczny wniosek - Basia zapłaciła 6 zł za 3 ciastka.
  
Odpowiedź: Basia zapłaciła 6 złotych.",Zero-Shot CoT,easy,CORRECT,True
9,Basia kupiła 3 ciastka po 2 zł. Ile zapłaciła?,6,"1. Analizuję problem: Basia kupiła 3 ciastka, każde wartowało 2 zł.
  2. Rozbijam problem na mniejsze kroki:
     - Kupiła 3 ciastka = trzeba obliczyć sumę trzech liczb równych 2 zł.
  3. Rozwiązuję każdy krok osobno:
     - Trójka jest iloczynem trzech liczb 1, tak więc muszą być iloczyny jednej liczby 1 i dwóch liczb innych (w naszym przypadku 2).
     - Wielokrotność liczby 2 może być obliczona jako liczba pośrednia pomiędzy pierwszą i ostatnią wielokrotnością tej liczby. Przykładowo, wielokrotnościami liczby 5 są: 0, 5, 10, 15 itd., a jedna z nich to 10 (przedział [5, 10] daje nam też 5 i 10).
     - Wielokrotnością liczby 2 jest 2 samo się, 4, 6, 8 itd. Przykładowo, wielokrotnościami liczby 2 są: 2, 4, 6, 8, 10...
     - Ponieważ trójka to iloczyn trzech liczb 1 i dwóch innych równych 2, możemy założyć, że wielokrotność liczby 2 jest dana jako liczba pośrednia pomiędzy pierwszą i ostatnią ciastką.
     - Zatem ostatnia ciasteczka kosztowała 6 zł (jest to wielokrotność liczby 2, a jeżeli są dwa ciasteczka po 2 zł każde, to ich suma jest 4 zł), zaś sumę pierwszej i drugiej ciasteczka należy wyznaczyć, przesuniąc liczbę 6 o jedną połowę (pomnożenie przez 2/3 = około 2) wstecz.
  4. Wyciągam ostateczny wniosek: Basia zapłaciła 2 zł + 2 zł + 6 zł = 10 zł.
Odpowiedź: Basia zapłaciła 10 zł.",Few-Shot CoT,easy,INCORRECT,True
10,Kuba kupił 3 jabłka za 6 zł. Ile kosztuje jedno?,2,"Odpowiedź: 2 zł (ponieważ 3 jabłka kosztowały 6 zł, więc każde jedno kosztuje 6/3 = 2 zł)",Zero-Shot,easy,CORRECT,True
10,Kuba kupił 3 jabłka za 6 zł. Ile kosztuje jedno?,2,Odpowiedź: 2 zł,One-Shot,easy,CORRECT,True
10,Kuba kupił 3 jabłka za 6 zł. Ile kosztuje jedno?,2,Odpowiedź: 2 zł,Few-Shot,easy,CORRECT,True
10,Kuba kupił 3 jabłka za 6 zł. Ile kosztuje jedno?,2,"1. Analizujemy problem: Kuba kupił łącznie 3 jabłka i zapłacił za nie sumę w wysokości 6 złotych. Chcemy wyznaczyć ile kosztuje jedno jabłoń.

  2. Rozbijamy problem na mniejsze kroki:
     - Znajomość ceny łącznej
     - Liczba jabłek

  3. Rozwiązujemy każdy krok osobno:
     - Cena łączna (6 zł) dzieli się przez liczbę jabłek (3), aby uzyskać cenę jednego jabłka

  4. Wyciągamy ostateczny wniosek:

Odpowiedź: 2 zł",Zero-Shot CoT,easy,CORRECT,True
10,Kuba kupił 3 jabłka za 6 zł. Ile kosztuje jedno?,2,"1. Analizujemy problem: Kuba kupił łącznie 3 jabłka. Znajomoymy wartością, że cena za 3 jabłka wynosi 6 złotych.

   2. Rozbijamy problem na mniejsze kroki:
      - Pobieramy 1 jabłko, czyli zgromadziliśmy połowę z zapłaconych jabłek (1.5 zł).
      - Ponownie pobieramy 1 jabłko, tym razem pozostało nam jedno jabłko (0.5 zł).
      - Wreszcie, po trzecim nakupie, pozbywają się ostatniego jabłka i zapłacili za niego 0 zł.

   3. Rozwiązywanie każdego kroku:
      - Przeanalizowaliśmy cały proces zakupu, więc musimy teraz znaleźć odwrotną operację i wyliczyć cenę za jedno jabłko. W przypadku kolejnych nakupów widzieliśmy, że koszty rosną z płynnością do ostatniego zakupu, więc mamy na razie:
        - 0.5 zł za jedno jabłko (kolejne zakupy były już taniejsze)
      - Zaznajomimy się z tym faktem i podzielimy cenę, którą zapłaciliśmy dla 3 jabłek przez liczbę jabłek, w których rozdzielono koszty:
        - 6 zł / 3 = 2 zł za jedno jabłko (liczba 3 pochodzi ze zmiennych: 1.5 + 0.5 + 0, co jest sumą zakupów)

   4. Wnioskiem jest:
      - Odpowiedź: 2 zł",Few-Shot CoT,easy,CORRECT,True
11,"Jeśli dzisiaj jest wtorek, jaki dzień będzie za trzy dni?",piątek,Odpowiedź: Piątek,Zero-Shot,easy,CORRECT,True
11,"Jeśli dzisiaj jest wtorek, jaki dzień będzie za trzy dni?",piątek,Odpowiedź: piątek,One-Shot,easy,CORRECT,True
11,"Jeśli dzisiaj jest wtorek, jaki dzień będzie za trzy dni?",piątek,Odpowiedź: piątek,Few-Shot,easy,CORRECT,True
11,"Jeśli dzisiaj jest wtorek, jaki dzień będzie za trzy dni?",piątek,"1. Analiza problemu: To zagadka dotyczy porównania i określenia dnia, który będzie w przyszłości, gdy teraz jest wtorek.

  2. Rozbicie problemu na mniejsze kroki: Ponieważ teraz jest wtorek (wtornik), należy wyznaczyć dzień po trzech dniach od tego, który teraz minął.

  3. Rozwiązanie każdego kroku:
     - Ponieważ jest wtorek, to ten dzień był poprzedni piątek (wolny dzień).
     - Po trzech dniach od piątku przypada ponownie wtorek.

  4. Wynik: 'Odpowiedź: Wtorek'",Zero-Shot CoT,easy,INCORRECT,True
11,"Jeśli dzisiaj jest wtorek, jaki dzień będzie za trzy dni?",piątek,"1. Analityczne przetwarzanie problemu: Jeśli dzisiaj jest wtorek, oznacza to że kolejnymi daniami są środę i czwartek. Po trzech dniach od wtorku będzie poniedziałek.
  2. Rozbicie problemu na mniejsze kroki: Przyjmuję, że dzisiaj jest wtorek (Hypotesa).
  3. Rozwiązanie każdego kroku:
     - Jeśli Hypotesa jest prawdziwa, to kolejnym dniem będzie środę. Po drugim dniu (środa) następny dzień jest piątek. Po trzecim dniu (poniedziałek) jest już po piątku.
     - Zatem Hipotesa, że dzisiaj jest wtorek, prowadzi do wyniku, że za trzy dni będzie poniedziałek.
  4. Wyciągnięcie ostatecznego wniosku: Odpowiedź: poniedziałek.",Few-Shot CoT,easy,INCORRECT,True
12,Która liczba większa: 3/4 czy 5/6?,5/6,Odpowiedź: 5/6 jest większa od 3/4.,Zero-Shot,medium,CORRECT,True
12,Która liczba większa: 3/4 czy 5/6?,5/6,Odpowiedź: 5/6,One-Shot,medium,CORRECT,True
12,Która liczba większa: 3/4 czy 5/6?,5/6,Odpowiedź: 5/6,Few-Shot,medium,CORRECT,True
12,Która liczba większa: 3/4 czy 5/6?,5/6,"1. Analizuję problem - Zestawiam dwie ułamki (3/4 i 5/6) i próbuję odpowiedzieć na pytanie: Która liczba większa?

2. Rozbijam problem na mniejsze kroki - Zastosowując wspólną linię działania na obydwu ułamkach, znormalizuję ich liczniki i mianowniki do tego samego wartości podstawowej. Więc będę porównywać dwie zmienione liczby.

3. Rozwiązuję każdy krok osobno:
   - Normalizacja ułamka 3/4: Podwóję licznik, a mianownik podwoję wartość (1x3 = 3 i 2x4 = 8)
     Więc nowy ułamek będzie 6/8
   - Normalizacja ułamka 5/6: Podwóję licznik, a mianownik podwoję wartość (1x5 = 5 i 2x6 = 12)
     Więc nowy ułamek będzie 10/12

4. Porównam zmienione ułamki: Podaję wyniki porównania liczb, które otrzymałem po normalizacji:
    6 < 10

Odpowiedź: Która liczba większa: 3/4 czy 5/6? - Odpowiedź: 5/6",Zero-Shot CoT,medium,INCORRECT,True
12,Która liczba większa: 3/4 czy 5/6?,5/6,"1. Analiza problemu: Porównujemy dwie ułamki. Zadaniem jest wyznaczenie tego, który z nich jest większy.

  2. Rozbicie problemu na mniejsze kroki:
      - Ustalenie czy ułamek 3/4 jest równy lub mniejszy od ułamka 1 (ułamek 3/4 = 0,75 < 1)
      - Porównanie ułamka 3/4 z ułamkiem 1 i wyznaczenie, czy jest on większy lub równy. (Odpowiedź: nie)
      - Ustalenie czy ułamek 5/6 jest równy lub mniejszy od ułamka 1 (ułamek 5/6 = 0,83 < 1)
      - Porównanie ułamka 5/6 z ułamkiem 3/4 i wyznaczenie, czy jest on większy lub równy. (Odpowiedź: tak)

  3. Rozwiązanie kroków: Ułamek 5/6 jest większy od ułamka 3/4.

  4. Wniosek finalny: Odpowiedź: 5/6",Few-Shot CoT,medium,CORRECT,True
13,"Wiktor biega szybciej niż Ania, ale wolniej niż Janek. Kto biega najszybciej?",Janek,Odpowiedź: Janek,Zero-Shot,easy,CORRECT,True
13,"Wiktor biega szybciej niż Ania, ale wolniej niż Janek. Kto biega najszybciej?",Janek,Odpowiedź: Nie można ustalić kto biega najszybciej z podanych informacji.,One-Shot,easy,INCORRECT,True
13,"Wiktor biega szybciej niż Ania, ale wolniej niż Janek. Kto biega najszybciej?",Janek,Odpowiedź: Janek,Few-Shot,easy,CORRECT,True
13,"Wiktor biega szybciej niż Ania, ale wolniej niż Janek. Kto biega najszybciej?",Janek,"1. Analizuję problem dokładnie:
     - Zadanie porównuje trzech osób (Wiktor, Ania i Janek) pod względem szybkości biegania.
     - Potwierdzono, że Wiktor biega szybciej niż Ania (czyli nie wolniej), jednakże wolniej niż Janek. To oznacza, że obaj Janek i Wiktor biegają szybciej od Ani, ale nie wiemy czy w ogóle Janek biega szybciej niż Wiktor.

  2. Rozbiję problem na mniejsze kroki:
     - Porównajemy tylko Wiktora z Janem, aby zrozumieć, kto jest najszybszy.

  3. Rozwiążę każdy krok osobno:
     - Wiktor biega szybciej niż Ania (czyli nie wolniej), ale wolniej niż Janek. To oznacza, że Wiktor biegający z Janem będzie mniejszością.
     - Wiedzimy również, że Janek nie biega szybciej niż Ania, tylko nie wolniej. Z tego powodu Janek i Ania biegają tę samą prędkość (Ania jest średnią osobą).
     - Teraz jeśli Wiktor jest mniejszością w tej grupie (biegając z Janem), to on nie może być najszybszym. Zatem Janek biega szybciej od Wiktora i Ani.

  4. Wyciągnij ostateczny wniosek:
     - Odpowiedź: Janek biega najszybciej.",Zero-Shot CoT,easy,INCORRECT,True
13,"Wiktor biega szybciej niż Ania, ale wolniej niż Janek. Kto biega najszybciej?",Janek,"1. Analizujemy problemy: Załóżmy, że mamy trzech sprinterów Wiktora, Anię i Janka. Według zadania Wiktor biega szybciej niż Ania (W > A), ale wolniej niż Janek (J > W).

  2. Rozbijamy problem na mniejsze kroki: Sprawdźmy po kolei każdego z sprinterów i porównajmy ich prędkość.

  3. Rozwiązujemy każdy krok osobno:
     - Sprzedziemy, że W > A, czyli Wiktor biega szybciej od Ani.
     - Następnie sprawdźmy czy W < J, czyli czy Wiktor jest wolniej od Janka. Założenia zadania mówią nam to tak. Więc W < J.

  4. Wyciągnięcie ostatecznego wniosku:
     - Zanalizowaliśmy cały problem i dowiedzieliśmy, że Wiktor biega wolniej od Janka (W < J). Nie mamy już informacji czy Ania jest szybsza od Janka. Wiemy tylko, że niektóre osoby (Wiktor i Ania) są wolniejsze niż Jacek, jednak nie wiemy o ich relacjach prędkości do siebie. Przedstawienie konkretnej odpowiedzi bez tego informacji nie jest możliwe.

W przypadku braku odpowiedzi dokładnie takiej jaką wymaga zagadka, może to oznaczać, że na podanej formule oparta jest błędna logika, brakuje danych lub informacji lub problemy są nie rozstrzygalne na podstawie tych danych.",Few-Shot CoT,easy,INCORRECT,True
14,"Pies waży więcej niż kot, ale mniej niż koń. Które zwierzę jest najcięższe?",koń,"1. Ponieważ pies waży więcej niż kot, to nie może ważyć tak samo jak kot.

2. Znając, że pies waży więcej niż kot, ale mniej niż koń, to pies musi ważyć mniej niż koń, lecz nie mniej niż kot.

3. Ponieważ pies waży mniej niż koń i znaczy to, że nie może być najcięższym z wymienionych zwierząt. Podsumowując - kot jest najcieższe spośród trzech podanych zwierząt.

Odpowiedź: Kot",Zero-Shot,easy,INCORRECT,True
14,"Pies waży więcej niż kot, ale mniej niż koń. Które zwierzę jest najcięższe?",koń,Odpowiedź: Koń,One-Shot,easy,CORRECT,True
14,"Pies waży więcej niż kot, ale mniej niż koń. Które zwierzę jest najcięższe?",koń,Odpowiedź: Koń,Few-Shot,easy,CORRECT,True
14,"Pies waży więcej niż kot, ale mniej niż koń. Które zwierzę jest najcięższe?",koń,"1. Przejrzymy problem i zrozumiemy, że mamy trzy różne zwierzęta – psa, kota i końa – i nie wiemy ich mas. Nasza misją jest ustalić, który z nich jest najcięższe.
  2. Zbudujmy drzewko dowodów:
     - Pies waży więcej niż kot, ale mniej niż koń (zadana informacja)
  3. Rozważmy możliwe wagę każdego z zwierząt i przetestujmy czy spełniają warunki ustalone:
     - Pies nie może ważyć najwięcej, bo jest cięższy od kota.
     - Kot nie może być najcięższym, bo jest lekki od psa.
     - Koń musi albo być najcięższy lub albo nie spełnia warunków:
        - Jeśli koń waży więcej niż kot i ten więcej niż pies, to jest najcięższe, a nasze rozumowanie się skończy.
        - Jeśli koń nie spełnia warunku (zostałby zdekonstruowany na dwie części: lekki jak kot i cięższy od psa), to nie może być najcięższym i musimy szukać innego zwierzątka.
  4. Ustalenie końca drzewa dowodów:
     - Jeśli koń jest lekki jak kot, to wiedząc że pies jest cięższy od kota, musi być najcięższe albo koń, albo pies. Ale kot już się wykluczył jako najcięższe.
     - Jeśli koń jest lekki jak kot i jednocześnie nie ma żadnego innego zwierzątka, to najcięższym musi być pies.
  5. Odpowiedź: Pies jest najcięższe.",Zero-Shot CoT,easy,INCORRECT,True
14,"Pies waży więcej niż kot, ale mniej niż koń. Które zwierzę jest najcięższe?",koń,"1. Analizuję problem i ustalam, że porównywane są trzy różne zwierzęta: pies, kot i koń. Wartość ich masy jest nieznana, a jedynie wiadomo, że pies waży więcej niż kot (lecz mniej niż koń).

  2. Rozbijam problem na mniejsze kroki i sprawdzam możliwe relacje pomiędzy masami zwierząt:
       - Pies > Kot, więc pies > Koń (bo jest cięższy od kota)
       - Jeśli jeszcze nie moja odpowiedź to Koń > Kot, bo w przeciwnym razie byłoby to sprzeczne z informacją o masie psa.

  3. Wyniki każdego kroku:
       - Pies > Kot, ale mniej niż Koń (nie wiem czy Koń jest cięższe od psa, więc jeszcze nie ma odpowiedzi)

  4. Na podstawie wyników z kroków 2 i 3 można stwierdzić, że pies i kot są lekkiej masy niż koń. Więc zwierzę, które jest najcięższe - to koniec końca koń - Koń.

Odpowiedź: Kto jest najcięższe? Koniec końca koń - Koń.",Few-Shot CoT,easy,CORRECT,True
15,2+2*2 = ?,6,Odpowiedź: 6,Zero-Shot,easy,CORRECT,True
15,2+2*2 = ?,6,4 (Odpowiedź: 4),One-Shot,easy,INCORRECT,True
15,2+2*2 = ?,6,Odpowiedź: 6,Few-Shot,easy,CORRECT,True
15,2+2*2 = ?,6,"1. Problem: Otrzymujemy wynik z równania 2 + 2 * 2
  2. Rozbiór problemu na mniejsze kroki: Najpierw wykonamy wszystkie operacje mnożenia, a następnie sumowanie.
  3. Pierwszy krok: Wykonanie mnożenia: 2 * 2 = 4
  4. Drugi krok: Wykonanie dodawania: 2 + 4 = 6
  5. Ostateczny wniosek: Odpowiedź: 6",Zero-Shot CoT,easy,CORRECT,True
15,2+2*2 = ?,6,"1. Analizacja problemu: To problem matematyczny, dotyczy działań arytmetycznych. Zawiera dodawanie i mnożenie z liczbami naturalnymi.

2. Podział na kroki:
    - Krok 1: Rozwiązanie wzoru (2+2)*2
    - Krok 2: Wykonanie pierwszego działania (2+2)
    - Krok 3: Wykonanie drugiego działania ((4)*2)

3. Rozwiązanie każdego kroku:
    - Krok 1: (2+2)*2
    - Krok 2: 4*2 = 8

4. Wyswietlenie ostatecznej odpowiedzi:

Odpowiedź: 8",Few-Shot CoT,easy,INCORRECT,True
16,"Liczba podzielna przez 2 i 3, ale nie przez 6. Czy istnieje?",nie,"Odpowiedź: 6

Rozważanie:
1. Liczby, które są podzielne przez 2 to te, które mają parzyste wartości (z wyjątkiem 0).
2. Liczby, które są podzielne przez 3 to te, które kończą się na cyfrze 3 lub 6 (w systemie dziesiętnym).
3. Liczba jest podzielna przez 6 wtedy i tylko wtedy, gdy jest podzielna przez 2 i 3.
4. Jeśli chcemy znaleźć liczbę, która jest podzielna przez 2 i 3, ale nie przez 6, musimy znaleźć taką, dla której jest spełniona warunek pierwszy i drugi, a jednocześnie nie jest podzielna przez 6.
5. Liczba, która kończy się na cyfrze 3 lub 6 i jest nieparzysta, nie może być podzielna przez 2.
6. Dlatego mamy jedynie tylko liczbę 6, gdyż 6 jest podzielne przez 2 i 3 (jest liczbą parzystą oraz jej ostatnia cyfra to 6), ale nie jest podzielne przez 6 (bo nie jest podzielne przez 2 ani 3).
7. Podsumowując: 6 jest jedyną liczbą, która jest podzielna przez 2 i 3, ale nie przez 6.",Zero-Shot,hard,INCORRECT,True
16,"Liczba podzielna przez 2 i 3, ale nie przez 6. Czy istnieje?",nie,"Odpowiedź: Tak, liczbą jest 6.",One-Shot,hard,INCORRECT,True
16,"Liczba podzielna przez 2 i 3, ale nie przez 6. Czy istnieje?",nie,"Odpowiedź: Tak, liczbą podaję 6.",Few-Shot,hard,INCORRECT,True
16,"Liczba podzielna przez 2 i 3, ale nie przez 6. Czy istnieje?",nie,"1. Analiza problemu: Wyrażenie ""liczba podzielna przez 2 i 3"" oznacza, że liczba jest wielokrotnością 2 lub wielokrotnością 3 (lub obydwu). Oznacza to, że można znaleźć takie całe liczby, że 2 * liczba = podstawowa liczba i 3 * liczba = podstawowa liczba.

  2. Rozbicie problemu na mniejsze kroki: Podobno szukamy liczby całkowitej, która jest podzielna przez 2 i 3, ale nie przez 6. Założymy, że takiej liczby nie ma i ostatecznie pokażemy to na końcu.

  3. Rozwiązanie każdego kroku:
     - Szukamy najpierw wielokrotności 2 (liczb parzystych), ponieważ musi być też wielokrotnością 3, ale nie przez 6, więc nie może być liczba parzysta, która jest równoległa do 6.
     - Pokażemy to za pomocą wykluczenia: Jeśli liczba parzysta jest równoległa do 6, wtedy jej reszta z dzieleniem przez 6 musi być 0, 2 lub 4 (ponieważ jest ona liczbą parzystą). Z kolei jeśli jest podzielna przez 3, wtedy jest równoległa do 3, co oznacza, że reszta z dzieleniem przez 3 musi być 0 lub 3. Ale jeśli reszta z dzieleniem przez 6 jest 0 (co oznacza, że jest wielokrotnością 6), to nie spełnia warunku ""nie podzielna przez 6"".
     - Nie możemy znaleźć żadnej liczby całkowitej, która byłaby podzielna przez 2 i 3, ale nie przez 6.

  4. Ostateczny wniosek: Wynikiem rozumowania jest to, że takiej liczby nie ma. 'Odpowiedź: Nie'.",Zero-Shot CoT,hard,CORRECT,True
16,"Liczba podzielna przez 2 i 3, ale nie przez 6. Czy istnieje?",nie,"1. Analiza problemu: Wymaga się znalezienia liczby, która może być podzielna tylko przez 2 i 3, ale nie przez 6. Można to wyjaśnić jako szukanie liczbierzych pierwszych wspólnych dzielników (PPWD) dla liczb 2 i 3, które nie są PPWD dla liczby 6 (odpowiednio 1 i 1).

  2. Rozbicie problemu na mniejsze kroki:
     - Szukamy liczbierzych PPWD dla liczb 2 i 3 bez podziału przez 6.

  3. Rozwiązanie każdego kroku:
     - Liczby pierwiasteczne (liczby niedzielone) nie mają PPWD oprócz samej liczby i liczby 1. Więc wszystkie liczby, które są podzielne przez 2 oraz 3, są również podzielne przez 6 (bo jest to wielokrotność dwójki), ale nie jest to warunek dla liczb niedzielonych.
     - Z tego powodu najmniejsza liczba, która jest podzielna tylko przez 2 i 3, to najmniejszy wspólny mianownik (LCS) liczb 2 i 3, czyli 6. Jednak z warunków wynika, że nie jest to rozwiązanie.
     - Aby znaleźć właściwe rozwiązanie, należy szukać kolejnych liczb niedzielonych podzielonych przez 2 i 3 (tzn. liczb 6n + 1 i 9n + 1).
     - Szukając kolejnych liczb tej postaci, można zauważyć, że po każdej 5-tej liczbie zostaje dodana podstawa (6 lub 9) podzielna przez 3. Aby znaleźć liczbę podzielną tylko przez 2 i 3 (nie dzielną przez 6), należy odpowiednio dopasować kolejny podstawek, który nie jest dzielnikiem 3.
     - W ten sposób możemy znaleźć liczby takie jak: 5, 14, 23, 32, 41, i ostatecznie 48 (czyli wszystkie liczby tej postaci, które są podzielne przez 5).
     - Zauważmy, że liczba 48 jest zarówno podzielna przez 2 (24) jak i przez 3 (16). Więc nie będzie ona spełniać warunków.
     - Ostatecznie najmniejsza liczba, która może być podzielna tylko przez 2 i 3, to następna liczba podzielna przez 5: 50.

  4. Wniosek końcowy:
     - Odpowiedź: 50",Few-Shot CoT,hard,INCORRECT,True
17,"Liczba większa od 10, mniejsza niż 20, podzielna przez 3. Jaka?","12,15,18",Odpowiedź: 15,Zero-Shot,hard,CORRECT,True
17,"Liczba większa od 10, mniejsza niż 20, podzielna przez 3. Jaka?","12,15,18","Odpowiedź: 18 nie jest odpowiedzią, ponieważ nie jest podzielne przez 3. Odpowiedź może być 12 lub 15 (nie ma jednak żadnej z tych dwóch liczb w zakresie mniejszym niż 20, który jest wymagany).",One-Shot,hard,INCORRECT,True
17,"Liczba większa od 10, mniejsza niż 20, podzielna przez 3. Jaka?","12,15,18",Odpowiedź: 18,Few-Shot,hard,CORRECT,True
17,"Liczba większa od 10, mniejsza niż 20, podzielna przez 3. Jaka?","12,15,18","1. Analizacja problemu: Zadanie zagadki polega na znalezieniu liczby naturalnej spełniającej trzy warunki: większa od 10, mniejsza niż 20 i podzielna przez 3.

  2. Rozbicie problemu na kroki:
     - Znajdź liczbę naturalną spełniającą pierwszą dwie warunki (większą od 10, mniejszą niż 20).
     - Sprawdź czy znaleziona liczba spełnia również trzecią warunek (podzielna przez 3).

  3. Rozwiązanie kroku 1: Najmniejsza liczba większa od 10 i mniejsza niż 20 to 11, ale jest ona nieparzysta i niepodzielna przez 3. Następne liczby są 12, 13, 14, 15...
   - Przejdźmy do kolejnej liczby spełniającej pierwsze dwie warunki, która jest podzielna przez 3: 12 + 3 = 15, ale już nie spełnia warunku być mniejszą od 20.
   - Przejdźmy do kolejnej liczby większej od 12 i spełniającej warunek podziału przez 3: 15 + 3 = 18, ale już nie spełnia warunku być mniejszą od 20.
   - Przejdźmy do kolejnej liczby większej od 18 i spełniającej warunek podziału przez 3: 18 + 3 = 21, ale już nie spełnia warunku być mniejszą od 20.
   - Przejdźmy do kolejnej liczby większej od 21 i spełniającej warunek podziału przez 3: 21 + 3 = 24, ale już nie spełnia warunku być mniejszą od 20.
   - Połączmy najbliższe większe liczby i sprawdźmy je na podział przez 3:
     - 15 + 3 = 18, ale już nie spełnia warunku być mniejszą od 20.
     - 18 + 3 = 21, ale już nie spełnia warunku być mniejszą od 20.
   - Połączmy te liczby i sprawdźmy je na podział przez 3: (15 + 3) + 3 + (18 + 3) = 34, ale już nie spełnia warunku być mniejszą od 20.

  4. Wyciągnięcie ostatecznego wniosku: W zadanej zagadce nie istnieje liczba naturalna spełniająca wszystkie trzy warunki (większa od 10, mniejsza niż 20 i podzielna przez 3).

Odpowiedź: Nie ma takiej liczby.",Zero-Shot CoT,hard,INCORRECT,True
17,"Liczba większa od 10, mniejsza niż 20, podzielna przez 3. Jaka?","12,15,18","1. Analizuję problem: Używam zasady podanej w instrukcji - liczba musi być większa od 10, mniejsza niż 20 oraz podzielna przez 3.

   2. Rozbiję problem na kroki:
      - Znajduję liczbę większą od 10, ale mniejszą niż 20, która jest podzielna przez 3.

   3. Rozwiązuję poszczególne kroki:
      - Sprawdzam czy 12 jest podzielne przez 3. Odpowiedź: Tak.

   4. Wyciągnij ostateczny wniosek:

   Odpowiedź: 12",Few-Shot CoT,hard,CORRECT,True
18,5 maszyn robi 5 przedmiotów w 5 minut. Ile 100 maszyn w 100 minut?,2000,Odpowiedź: 5000 produktów,Zero-Shot,hard,INCORRECT,True
18,5 maszyn robi 5 przedmiotów w 5 minut. Ile 100 maszyn w 100 minut?,2000,Odpowiedź: 5000 przedmiotów,One-Shot,hard,INCORRECT,True
18,5 maszyn robi 5 przedmiotów w 5 minut. Ile 100 maszyn w 100 minut?,2000,"100 maszyn robi po 5 przedmiotów w ciągu 5 minut, to całkowita liczba przedmiotów zrobionych przez 100 maszyn w ciągu 100 minut wynosi:

Odpowiedź: 5000",Few-Shot,hard,INCORRECT,True
18,5 maszyn robi 5 przedmiotów w 5 minut. Ile 100 maszyn w 100 minut?,2000,"1. Analizujemy problem: Liczba maszyn i czas są pomnożone przez siebie. Każda maszyna robi jeden przedmiot w jednej minucie, więc liczba maszyn wzrasta wprost z liczbą minut.

  2. Rozbijamy problem na kroki: Przyjmijmy że 5 maszyn w 5 minutach robi 5 przedmiotów, czyli każda maszyna produkuje po jednym przedmiotem.

  3. Rozwiązywanie kroków: Jeśli mamy 100 maszyn (20 razy więcej niż początkowo), to otrzymujemy 100-krotnie więcej przedmiotów w tym samym czasie. Aby zmienić liczbę minut na wielokrotność odpowiedniej liczby, należy podzielić ją przez 5 i mnożyć wynikiem o 100.

  4. Ostateczny wniosek: Wynik po dzieleniu 100 przez 5 jest równy 20. Mamy więc 20 minut, w których 100 maszyn produkuje 100-krotnie więcej przedmiotów od początkowej liczby. Wynosimy to iloczyn 100 na 5, czyli 2000 przedmiotów.

Odpowiedź: 2000 przedmiotów",Zero-Shot CoT,hard,CORRECT,True
18,5 maszyn robi 5 przedmiotów w 5 minut. Ile 100 maszyn w 100 minut?,2000,"1. Analiza problemu:
     - Liczba maszyn (M) produkuje określoną liczbę przedmiotów (P) w określonym czasie (T).
     - Zadaniem jest wyliczenie ilu przedmiotów robi 100 maszyn w czasie 100 minut.

  2. Rozbicie problemu na mniejsze kroki:
     - Pokaż, ile przedmiotów produkuje 1 maszyna w 1 minucie (P/T)
     - Wykorzystaj wzór linijkowy aby obliczyć ilu przedmiotów produkuje jedna maszyna w czasie podanym (linia równa liczbie maszyn mnożoną przez szybkość pracy jednej maszyny P/T).
     - Następnie pomnoż liczbę przedmiotów produkowanych w 100 minut przez liczbę maszyn (P*m) aby otrzymać ilu przedmiotów produkuje 100 maszyn w czasie 100 minut.

  3. Rozwiązanie kroków:
     - Liczba jednej maszyny (M=1), czas (T=1), P/T = P/1, ponieważ jedna minuta to 1 część czasu. Znając, że produkuje 5 przedmiotów w 5 minutach (P*T=5), więc P/T=5/5 = 1.
     - Wzór linijkowy: P*M = P/T * M
     - Otrzymamy ilu przedmiotów produkuje jedna maszyna w czasie 100 minut (P/T * M) = (1 * 100) = 100.
     - Teraz obliczamy ile przedmiotów produkuje 100 maszyn w czasie 100 minut (P*M) = (100 * 100).

  4. Wniosek: Odpowiedź: 10 000",Few-Shot CoT,hard,INCORRECT,True
19,Suma dwóch liczb wynosi 10. Jedna to 4. Jaka jest druga?,6,Odpowiedź: 6,Zero-Shot,easy,CORRECT,True
19,Suma dwóch liczb wynosi 10. Jedna to 4. Jaka jest druga?,6,Odpowiedź: 6,One-Shot,easy,CORRECT,True
19,Suma dwóch liczb wynosi 10. Jedna to 4. Jaka jest druga?,6,Odpowiedź: 6,Few-Shot,easy,CORRECT,True
19,Suma dwóch liczb wynosi 10. Jedna to 4. Jaka jest druga?,6,"1. Analizuję problem: Zadaniem jest ustalenie drugiej liczby, która razem z podaną (4) daje sumę 10.
  2. Rozbijam problem na mniejsze kroki: Po pierwsze, muszę wyznaczyć liczbę do dodania do 4 w celu uzyskania 10.
  3. Rozwiązuję każdy krok osobno: Ostatnia możliwa liczba odpowiadająca warunkowi jest 6 (bo jeśli by była mniejsza, to suma zbyt nie większa).
  4. Wyciągam ostateczny wniosek: Liczbę 6 uzyskuję poprzez odjęcie 10 od 14 (bo jeśli była większa, to suma zbyt duża). Jednakże ta liczba nie jest podana w formułce, więc musi być inna. Moja pierwsza liczba to 4, zaś w przypadku dodawania do 4 liczb odpowiednio mniejszej niż ona, suma rośnie, a przy kolejnej dodatkowej liczbie powstaje suma 10. Więc moja druga liczba to 6 (bo 4 + 6 = 10).

Odpowiedź: Druga liczba to 6.",Zero-Shot CoT,easy,CORRECT,True
19,Suma dwóch liczb wynosi 10. Jedna to 4. Jaka jest druga?,6,"1. Analizuję problem: Dla podanej liczby 4, mam znaleźć drugą liczbę taką, żeby suma tych dwóch była równa 10.

  2. Rozbiję problem na mniejsze kroki: Zaczynam od ostatniej możliwej wartości i odszukuję liczbę, która po dodaniu 4 daje 10.

  3. Rozwiążę każdy krok osobno: Jeśli liczba jest większa od 6, to suma będzie przekraczała 10. Rozpatrując kolejno 5, 4, 3, 2 i 1 (od najmniejszej do największej) - wartość 6 jest zbyt duża, a pozostałe są za małe.
   Moja ostatnia próba miała być liczbą 6, ale daje 10, czyli jest zbyt duża. Zatem poprzednia wartość musi być równa 4.

  4. Wyciągnij ostateczny wniosek: Jeśli liczba pierwszą jest 4, to drugą liczbę może być tylko jedna - 6.

Odpowiedź: Druga liczba to 6.",Few-Shot CoT,easy,CORRECT,True
20,Zosia ma trzy razy więcej cukierków niż Bartek. Bartek ma 2. Ile ma Zosia?,6,Odpowiedź: Zosia ma 6 cukierków.,Zero-Shot,easy,CORRECT,True
20,Zosia ma trzy razy więcej cukierków niż Bartek. Bartek ma 2. Ile ma Zosia?,6,Odpowiedź: Zosia ma 6 cukierków (bo 3 razy więcej niż 2),One-Shot,easy,CORRECT,True
20,Zosia ma trzy razy więcej cukierków niż Bartek. Bartek ma 2. Ile ma Zosia?,6,Odpowiedź: Zosia ma 6 cukierków.,Few-Shot,easy,CORRECT,True
20,Zosia ma trzy razy więcej cukierków niż Bartek. Bartek ma 2. Ile ma Zosia?,6,"1. Analiza problemu:
     - Mamy dwie osoby, Zosia i Bartek. Zosia posiada więcej cukierków niż Bartek. Wiemy ilu ma Bartek (2 cukierki).

  2. Rozbicie problemu na kroki:
     - Krok 1: Jak wiele ma Bartek? (Odpowiedź: 2)
     - Krok 2: Jak wiele musi mieć Zosia, aby miała trzy razy więcej niż Bartek? (Różnica = Zosia - Bartek, rozdziel przez 3)

  3. Rozwiązanie każdego kroku:
     - Krok 1: Wiemy ilu ma Bartek (Odpowiedź: 2)
     - Krok 2: Różnica między Zosia a Bartek = 3 * (liczba cukierków Barteka) (wiemy liczbę cukierków Barteka, to znaczy wiemy ilu musi mieć Zosia)
       - Wiemy że różnica powinna być trzy razy większa niż liczba cukierków Barteka (2), zatem Zosia ma 3 * 2 = 6 cukierków.

  4. Wnioski:
     - Odpowiedź: Zosia ma 6 cukierków.",Zero-Shot CoT,easy,CORRECT,True
20,Zosia ma trzy razy więcej cukierków niż Bartek. Bartek ma 2. Ile ma Zosia?,6,"1. Analiza problemu: Dla porównania dwóch osób (Zosia i Bartek) należy porównać ich ilość cukierków.

  2. Rozbicie problemu na kroki:
      - Określenie ilości cukierków u Barteka
      - Obliczenie ilości cukierków u Zosii (gdy wiadomo, że ta ma trzy razy więcej niż Bartek)

  3. Rozwiązanie każdego kroku:
      - Bartek ma 2 cukierki (zadana wartość)
      - Zosia ma trzy razy więcej cukierków niż Bartek, to znaczy 2 * 3 = **6** cukierków

  4. Wynik: Zosia ma **6** cukierków",Few-Shot CoT,easy,CORRECT,True
21,Pięć osób zje 5 kanapek w 5 minut. Ile kanapek 1 osoba w 5 minut?,1,"Odpowiedź: 1 kanapek (jedna osoba zje jedną czwartą część, a więc jeden kanapek z jeściem pięciu osób oznacza, że każda spośród nich zje jeden kanapek w okresie 5 minut)",Zero-Shot,easy,CORRECT,True
21,Pięć osób zje 5 kanapek w 5 minut. Ile kanapek 1 osoba w 5 minut?,1,Odpowiedź: 1 kanapek,One-Shot,easy,CORRECT,True
21,Pięć osób zje 5 kanapek w 5 minut. Ile kanapek 1 osoba w 5 minut?,1,Odpowiedź: 1 kanapek,Few-Shot,easy,CORRECT,True
21,Pięć osób zje 5 kanapek w 5 minut. Ile kanapek 1 osoba w 5 minut?,1,"1. Analityczne przebadanie problemu: Z problemu wynika, że pięć osób zjeły w całości pięć kanapek w ciągu pięciu minut. Oznacza to, że każda osoba spożyła po jednej kanapce, ale nie jest jasne, jak długo trwał jej posiłek.
  2. Rozbicie problemu na mniejsze kroki: Chcemy znaleźć ilu kanapek zjeła 1 osoba w 5 minut. Aby to uzyskać, należy podzielić sumę kanapek i czas na liczbę osób.
  3. Rozwiązanie każdego kroku: Wiemy, że jest 5 kanapek i 5 osób. Ponieważ wszyscy zjeły w całości swoją część, to musi ona być równa pojedynczej kanapce, a nie fragmentowi jej. Dlatego ilu kanapek spożyła jedna osoba? Liczba ta powinna wyniknąć z podziału liczby kanapek przez liczbę osób.
  4. Wyciągnięcie ostatecznego wniosku: Podział 5 przez 5 daje nam 1, czyli każda osoba zjeła po jednej kanapce w ciągu 5 minut.
Odpowiedź: Każda osoba zjeła po jednej kanapce w 5 minut.",Zero-Shot CoT,easy,CORRECT,True
21,Pięć osób zje 5 kanapek w 5 minut. Ile kanapek 1 osoba w 5 minut?,1,"1. Analizujemy problem: W pokoju jest pięć osób, a każda z nich jeden raz zjeła kanapkę w czasie 5 minut. Proszę wyobrazić sobie, że wszyscy jedzą tę samą ilość i tę samą ilość czasu potrzebują na jeść.

  2. Rozbijemy problem na mniejsze kroki: Jaką ilość kanapek jest spożyta przez pojedynczą osobę w ciągu 5 minut?

  3. Rozwiązujemy każdy krok osobno: Ilość kanapek, które zjadła jedna osoba w czasie 5 minut wynosi jeden (ponieważ jest to jej część całej ilości kanapek spożytych przez pięcioro osób).

  4. Wyciągamy ostateczny wniosek: Więc jedna osoba zjada jedną kanapkę w ciągu 5 minut, dlatego całkowitym wynikiem jest odpowiedź: 'Odpowiedź: 1'.",Few-Shot CoT,easy,CORRECT,True
22,Poniedziałek to 1-szy dzień. Jaki dzień 8-go?,poniedziałek,Odpowiedź: Siódmy dzień (dzisiaj jest siódmym dniem tygodnia jeśli Poniedziałek jest pierwszym dniem).,Zero-Shot,easy,INCORRECT,True
22,Poniedziałek to 1-szy dzień. Jaki dzień 8-go?,poniedziałek,Odpowiedź: sobota,One-Shot,easy,INCORRECT,True
22,Poniedziałek to 1-szy dzień. Jaki dzień 8-go?,poniedziałek,Odpowiedź: piątek,Few-Shot,easy,INCORRECT,True
22,Poniedziałek to 1-szy dzień. Jaki dzień 8-go?,poniedziałek,"1. Analiza problemu: To jest zagadka liczbowa dotycząca porządku posunięcia się od dnia Poniedziałku do kolejnych dni tygodnia.

  2. Podział na kroki:
     - Wiemy, że Poniedziałek to 1-szy dzień. Teraz musimy ustalić jakie kolejne dni tygodnia są w następnych pozycjach w porządku liczbowym i jaki jest 8-my dzień.
     - Po kolei: Wtorek to 2, Środa to 3, Czwartek to 4, Piątek to 5, Sobota to 6, Niedziela to 7.

  3. Rozwiązanie każdego kroku:
     - Wiemy, że Poniedziałek to 1-szy dzień w tygodniu, więc wiemy też, że Środa to trzeci dzień i to 3.
     - Teraz szukamy kolejnego liczby, która jest równa sumie 1 i 3 (wspomniane numery porządkowe dni tygodnia). W ten sposób znajdujemy Czwartek, który to 4.
     - Teraz szukamy kolejnego liczby, która jest równa sumie 1 i 4 (wspomniane numery porządkowe dni tygodnia). W ten sposób znajdujemy Piątek, który to 5.
     - Teraz szukamy kolejnego liczby, która jest równa sumie 1 i 5 (wspomniane numery porządkowe dni tygodnia). W ten sposób znajdujemy Sobotę, który to 6.
     - Teraz szukamy kolejnego liczby, która jest równa sumie 1 i 6 (wspomniane numery porządkowe dni tygodnia). W ten sposób znajdujemy Niedzielę, który to 7.
     - Teraz szukamy kolejnego liczby, która jest równa sumie 1 i 7 (wspomniane numery porządkowe dni tygodnia). W ten sposób znajdujemy Poniedziałek, który to 8. Oczywiście warto zauważyć, że była to już pierwotna pozycja Poniedziałku i nie mamy do niej dostępu ponownie (nie ma 9-tego dnia tygodnia).
     - W ten sposób możemy stwierdzić, że 8-my dniem tygodnia jest Poniedziałek.

  4. Ostateczny wniosek: 'Odpowiedź: Poniedziałek'",Zero-Shot CoT,easy,CORRECT,True
22,Poniedziałek to 1-szy dzień. Jaki dzień 8-go?,poniedziałek,"1. Analiza problemu:
     - Zadana jest relacja pomiędzy dniami tygodnia i liczbą 8.
     - Wiemy, że poniedziałek to pierwszy dzień tygodniu (nie zapomnijmy o sobotach i niedzielach).

2. Rozbicie problemu na mniejsze kroki:
   - Znajdujemy liczbę, ile jest dni po poniedziałku.
   - Pamiętajmy, że w tygodniu 7 dni.

3. Rozwiązanie każdego kroku:
   - Jeśli jesteśmy po piątku to liczba jest 5.
   - Przesuwając się naprzód do soboty, otrzymujemy liczbę 6.
   - Przesuwając się do niedzieli, otrzymujemy liczbę 7.
   - Przesuwając się dalej o kolejne dni, liczba wzrasta (ponownie zaczynamy od poniedziałku).

4. Wyprowadzenie końcowej odpowiedzi:
   - Nie trzymamy się zasady nie nawiązywać do sobot i niedzieli, gdyż tylko dni półtygodnia są interesujące w kontekście liczb 1-8.
   - Jeśli jesteśmy po piątku (liczba 5), to na kolejny dzień po tym jest sobotę (6). Na kolejny po niej jest niedziela (7). Po niedzieli ponownie zaczynamy liczyć od poniedziałku (1).
   - Wobec tego, jeśli chcemy na liczbę 8, musimy zacząć po sobotach lub po niedzielach. To znaczy, że jesteśmy wtedy po jednej z dwóch kolejnych niedziel (7 i 14).
   - Możemy też zauważyć, że jest tylko jedna możliwość, bo jeśli jesteśmy po drugiej niedzieli, to już na kolejny dzień wskakujemy do poniedziałku (15), a nie chcemy liczb 8.
   - Więc odpowiedź to siódme kolo: Niedziela.",Few-Shot CoT,easy,INCORRECT,True
23,Adam ma 5x więcej książek niż Monika. Razem mają 30. Ile ma Monika?,5,Odpowiedź: Monika ma 10 książek.,Zero-Shot,medium,INCORRECT,True
23,Adam ma 5x więcej książek niż Monika. Razem mają 30. Ile ma Monika?,5,Odpowiedź: Monika ma 10 książek.,One-Shot,medium,INCORRECT,True
23,Adam ma 5x więcej książek niż Monika. Razem mają 30. Ile ma Monika?,5,"Odpowiedź: Monika ma 10 książek. (Rozwiązanie: Jeśli Adam ma 5x książek więcej niż Monika, to całkowita liczba książek obu mężczyzn jest równa 30. Z tego wynika, że liczba książek Moniki to 10.)",Few-Shot,medium,INCORRECT,True
23,Adam ma 5x więcej książek niż Monika. Razem mają 30. Ile ma Monika?,5,"1. Analizuję problem: Adam i Monika razem mają 30 książek, a Adam posiada więcej książek niż Monika o ilu razy.

  2. Rozbiję problem na mniejsze kroki:
     - Od razu ustale, ilu książek ma Adam (Adam = A) i poszukaj wzorca dla liczby książek Moniki (Monika = M).
     - Wiemy również, że A = 5*M.
     - Razem mają 30 książek (A + M = 30).

  3. Rozwiązuję każdy krok osobno:
     - Z wzorca A = 5*M, wiemy że jeśli pomnożymy M przez 5, uzyskamy liczbę książek Adama (A).
     - Wiemy także, że A + M = 30.
     - Ustalając M i pomnożenie przez 5, uda nam się zidentyfikować A.
     - Po ustaleniu liczby książek Adama (A), odbiorę tej samej liczby od Moniki (M = A).

  4. Wyciągnij ostateczny wniosek:
    - Ustalając M jako 6 (bo jeśli M = 5, to A = 30, ale wtedy Adam miałby równą liczbę książek co Monika), otrzymujemy, że Monika posiada 6 książek.
    - Zatem, Odpowiedź: Monika ma 6 książek.",Zero-Shot CoT,medium,INCORRECT,True
23,Adam ma 5x więcej książek niż Monika. Razem mają 30. Ile ma Monika?,5,"1. Analiza problemu: Ustalenie informacji dotyczących liczby książek, którą posiada Adam i ilu razem mają Adam i Monika.

2. Rozbicie problemu na mniejsze kroki: Wyznaczenie iloczynu liczb książek u Adama i Moniki oraz porównanie go z wartością 30.

3. Rozwiązanie każdego kroku osobno:
   - Wyznaczamy ilość książek u Adama (A) = 5x,
   - Wyznaczamy iloczyn ilości książek u Adama i Moniki (AM): AM = A * M, gdzie M to liczba książek Moniki.
   - Porównujemy iloczyn (AM) z wartością 30: 30 = A * M => AM = 30, czyli AM jest równa 30.

4. Wnioski:
   - Wyznaczamy liczbę książek Moniki M z iloczynu znalezionego w kroku 3: M = AM / A = 30 / 5x, gdzie x jest nieznana i nie można wyznaczyć odpowiedzi bez podania wartości x.

Zakładając, że x=1, otrzymujemy: Monika ma M = 6 książek. Jeśli x=2 to M=12, a gdy x=3 to M=20 itd.",Few-Shot CoT,medium,INCORRECT,True
24,Stół ma 4 nogi. 5 stołów ile nóg?,20,"1. Pierwszy stół posiada 4 nogi, a każdy z kolejnych stołów te same.
  2. Liczba nóg na stołach jest iloczynem liczby stołów i liczby nóg na jednym stoliku.
  3. Iloczyn 5 przez 4 daje wynik 20.
  4. Więc, ile nóg ma 5 stołów? Odpowiedź: 20.",Zero-Shot,medium,CORRECT,True
24,Stół ma 4 nogi. 5 stołów ile nóg?,20,Odpowiedź: 20 nogi,One-Shot,medium,CORRECT,True
24,Stół ma 4 nogi. 5 stołów ile nóg?,20,Odpowiedź: 20 nóg,Few-Shot,medium,CORRECT,True
24,Stół ma 4 nogi. 5 stołów ile nóg?,20,"1. Analiza problemu: Zauważ, że w problemie mówi o liczbie nog stołów, nie o ilości nóg każdego stół.

2. Rozbicie problemu na kroki: W pierwszym kroku należy wyjaśnić, ile nóg ma jeden stół. Potem liczbę takich stołów podniesiemy do piątej potęgi.

3. Rozwiązanie każdego kroku: Jeden stół ma 4 nogi. Więc ilu stołów, jeśli wszyscy mają po cztery nogi - to jeden stół 4 razy.

   - Ilu stołów, jeśli wszyscy mają po cztery nogi? Jedna para (dwoje) nóg na stolik to jeden stół. Liczba par (dwójek) nóg na wszystkie stoły to liczba stołów.
     Ilu jest dwójek na wszystkich 4 nogach jednego stolu? Jedna para to dwoje, a wszystkie 4 nogi pojedynczego stołu dają 4 razy dwoje = 8 (pary). Więc ilu jest par na wszystkich 4 nogach wszystkich stołów? Liczba stołów równa się liczbie par na wszystkich ich nogach.
     W sumie, jeden stół ma 4 nogi, a 4 razy dwoje daje 8, co oznacza, że jeden stół daje 8 par (dwojek). Jednak zadanie mówi o liczbie stołów, nie o liczbie nóg. Więc liczba stołów równa się liczbie par na wszystkich 4 nogach wszystkich stołów. Zatem jeden stół daje 8 par (dwojek) i liczba stołów będzie równa liczbie nóg każdego z nich podniesionej do piątej potęgi.
     Jednak w przybliżeniu, gdybyśmy mieli tylko 10 stołów, to 4 razy dwoje będzie równo 80 (lub okolo 80). Ponieważ zadanie mówi o liczbie stołów podniesionej do piątej potęgi, ostateczna ilość nóg nie jest precyzyjną liczbą, ale może być określona za pomocą liczby siedmiu (7^5 = 20.97152) - to znaczy bardzo duża liczba.

4. Wniosek: Zadana ilość nóg 5 stołów nie da się bezpośrednio obliczyć, ale ilość nóg dla 10 stołów (czyli 7 podniesione do piątej potęgi) daje bardzo dużą liczbę.",Zero-Shot CoT,medium,INCORRECT,True
24,Stół ma 4 nogi. 5 stołów ile nóg?,20,"1. Analizuję problem: Stół ma 4 nogi, czyli każdy stół ma 4 nogi. Zadaniem jest obliczenie liczby nóg u wszystkich stołów razem.

   2. Rozbijam zagadkę na mniejsze kroki:
   - Każdy stół posiada 4 nogi, tj. liczba nóg jednego stolu to 4.
   - Aby obliczyć liczbę nóg wszystkich stołów, potrzeba liczyć liczbę stołów i pomnożyć ją przez 4 (gdyż każdy stół posiada tyle samej ilości nóg).

   3. Rozwiązuję każdy krok osobno:
   - Liczba stołów to 5 (użytkownik podał, że jest 5 stołów).
   - Potem liczba nóg wszystkich stołów to iloraz liczby stołów przez liczbę nóg jednego stolu: 5 x 4 = 20.

   4. Wyciągam ostateczny wniosek: 'Odpowiedź: 20'.",Few-Shot CoT,medium,CORRECT,True
25,Anna ma więcej jabłek niż Basia. Basia ma więcej niż Celina. Kto ma najwięcej jabłek?,Anna,Odpowiedź: Anna,Zero-Shot,easy,CORRECT,True
25,Anna ma więcej jabłek niż Basia. Basia ma więcej niż Celina. Kto ma najwięcej jabłek?,Anna,Odpowiedź: Anna,One-Shot,easy,CORRECT,True
25,Anna ma więcej jabłek niż Basia. Basia ma więcej niż Celina. Kto ma najwięcej jabłek?,Anna,Odpowiedź: Anna,Few-Shot,easy,CORRECT,True
25,Anna ma więcej jabłek niż Basia. Basia ma więcej niż Celina. Kto ma najwięcej jabłek?,Anna,"1. Analizacja problemu - Zostały przedstawione trzy osoby (Anna, Basia i Celine) oraz informacja o tym, że Anna posiada więcej jabłek niż Basia, a ta z kolei posiada więcej niż Celina. Zadaniem jest ustalenie, kto z tych trzech osób posiada najwięcej jabłek.

  2. Rozbicie problemu na mniejsze kroki - Aby ocenić ilość jabłek u każdej z wymienionych osób, należy porównać posiadane przez nie jabłka w parach:
     - Anna > Basia
     - Basia > Celine

  3. Rozwiązanie każdego kroku - W pierwszej parze (Anna i Basia) Anna ma więcej jabłek, a w drugiej (Basia i Celine) Basia też ma więcej jabłek.

  4. Wnioski - Z całego rozumowania wynika, że jeśli u obu pozostałych osób, tj. Basia i Celine, Basia posiada więcej jabłek niż ta druga, to ona z kolei musi mieć więcej jabłek niż Anna (bo Anna ma więcej niż Basia). Wtedy także nie może być prawdą, że Celine posiada więcej jabłek niż Basia. Oznacza to, że musi ona mieć mniej jabłek niż ta druga (Basia), a zatem i mniej jabłek niż Anna, bo ta ma więcej niż Basia. W związku z tym musimy wnioskować, że Anna posiada najwięcej jabłek.

Odpowiedź: Anna",Zero-Shot CoT,easy,CORRECT,True
25,Anna ma więcej jabłek niż Basia. Basia ma więcej niż Celina. Kto ma najwięcej jabłek?,Anna,"1. Analizuję problem dokładnie: Dostarczono informacje o trzech kobietach (Anna, Basia i Celina) oraz liczbie jabłek u każdej z nich. Jest także stwierdzone, że Anna ma więcej jabłek niż Basia i Basia ma więcej jabłek niż Celina.

  2. Rozbiję problem na mniejsze kroki:
     - Sprawdź czy Anna ma więcej jabłek niż Basia (tak jest)
     - Sprawdź czy Basia ma więcej jabłek niż Celina (tak jest)
     - Zaznacz kolejność porządkową, na podstawie tych stwierdzeń: Anna > Basia > Celina

  3. Rozwiąż każdy krok osobno:
     - Odpowiedź 1: Dla zapewnienia porównywalności wszystkich kobiet, ograniczam liczbę jabłek u Celiny do tej samej liczby co u Basii (dla przykładu 2 sztuki).
       - Anna ma X jabłek (więcej niż Basia), ale nie wiemy jakie X jest.
     - Odpowiedź 2: Basia ma Y jabłek, co jest większe od X (bo ma więcej niż Celina)
       - Nie wiemy o konkretnych liczbach (X i Y), jedynie że X < Y.
     - Odpowiedź 3: Z powodu porządkowania, w którym znajdują się kobiety, musi być taka sytuacja, że Y jest największą liczbą jabłek (bo jest ona u Basii).
       - Nie ma już potrzeby wyznaczenia liczby X ponieważ wiedzimy, że Y jest największa.

  4. Wyciągnij ostateczny wniosek: Z powodu porządkowania zaznaczono, że Basia ma najwięcej jabłek, a Anna i Celina mają mniej. Jeśli byliby dodatkowo dane liczby, określałyby nam dokładnie ile jabłek posiada każda z kobiet. Odpowiedź: Basia ma najwięcej jabłek (jeśli nie podano konkretnych ilości).",Few-Shot CoT,easy,INCORRECT,True
26,"Trzech braci: czerwony, zielony, niebieski rower. Janek nie ma niebieskiego. Michał nie ma czerwonego. Kto ma jaki kolor?","Janek-czerwony, Michał-zielony, trzeci-niebieski","1. Wiemy, że każdy z trzech braci posiada inny kolor roweru (czerwony, zielony, niebieski).

2. Janek nie posiada niebieskiego roweru. Tym samym, Michał musi go posiadać.

3. Rowerem czerwonym nie może być Janek i Michał (bo już mieli inne). Tym samym, Kowalakiem musi być ten, kto ma czerwony rower.

4. Teraz pozostaje tylko trzeci brat, który nie posiada jeszcze żadnego roweru. On musi mieć zielony rower (bo inne są już przeznaczone).

Odpowiedź: Janek ma czerwony rower, Michał ma niebieski rower, a Kowalak ma zielony rower.",Zero-Shot,hard,INCORRECT,True
26,"Trzech braci: czerwony, zielony, niebieski rower. Janek nie ma niebieskiego. Michał nie ma czerwonego. Kto ma jaki kolor?","Janek-czerwony, Michał-zielony, trzeci-niebieski","1. Trzech braci mają po jednym rowerze. Jeśli Janek i Michał nie mają tych samej barwy, to musi ona należeć do trzeciego brata (bo każdy z nich ma swój własny rower). Zatem ten trzeci brat ma czerwony, zielony lub niebieski rower. Wiedziemy, że Janek nie ma niebieskiego i Michał nie ma czerwonego, to znaczy, że czerwony rower musi należeć do jednego z nich (bo z każdym innym bratem ma swój własny rower). Zatem czerwony rower należy do Janeka lub Michała.
  2. Wiemy, że Janek nie ma niebieskiego roweru i czerwonego roweru. Pozostaje tylko zielony rower. Odpowiedź: Janek ma zielony rower, Michał ma czerwony rower (bo wiemy, że ten brat nie może mieć czerwonego), a trzeci brat ma niebieski rower (bo nikt inny nie ma tego roweru).",One-Shot,hard,INCORRECT,True
26,"Trzech braci: czerwony, zielony, niebieski rower. Janek nie ma niebieskiego. Michał nie ma czerwonego. Kto ma jaki kolor?","Janek-czerwony, Michał-zielony, trzeci-niebieski","Odpowiedź: Janek ma zielony rower, a Michał ma czerwony.",Few-Shot,hard,INCORRECT,True
26,"Trzech braci: czerwony, zielony, niebieski rower. Janek nie ma niebieskiego. Michał nie ma czerwonego. Kto ma jaki kolor?","Janek-czerwony, Michał-zielony, trzeci-niebieski","1. Analityka problemu: Zadana jest informacja o trzech braciach i ich rowerach, ale tylko wiemy, że Janek nie ma niebieskiego i Michał nie ma czerwonego.

  2. Podział na kroki: W pierwszym kroku próbujemy ustalić kolor roweru każdego z braci (Janek, Michał i trzeci).

  3. Rozwiązanie kroków:

     a) Znając że Janek nie ma niebieskiego roweru, to może on mieć tylko czerwony lub zielony. W tym wypadku musi on mieć ten kolor którym nie posiada Michał, bo inaczej obaj mieliby ten sam rower.

     b) Znając że Michał nie ma czerwonego roweru, to może on mieć tylko zielony lub niebieski. W tym wypadku musi on mieć ten kolor którym nie posiada Janek, bo inaczej obaj mieliby taki sam rower.

     c) Teraz pozostaje brat trzeci. Musi on mieć niebieski lub czerwony rower (bo jeśli byłby zielony to byłby ten którym posiadał jeden z naszych dwóch bohaterów). Ale wiemy że Janek i Michał obaj nie mogą mieć tego koloru.

  4. Ostateczny wynik: Zebrałyśmy, że Janek ma czerwony rower a Michał zielony rower. Teraz musi trzeci brat mieć niebieski rower (bo w przeciwnym razie miałby ten sam kolor co Janek).

Odpowiedź: Janek ma czerwony rower, Michał ma zielony a trzeci brat ma niebieski.",Zero-Shot CoT,hard,CORRECT,True
26,"Trzech braci: czerwony, zielony, niebieski rower. Janek nie ma niebieskiego. Michał nie ma czerwonego. Kto ma jaki kolor?","Janek-czerwony, Michał-zielony, trzeci-niebieski","1. Analiza problemu: Mamy trzech braci (Janek, Michał, i ...) oraz trzy rowery (czerwony, zielony, niebieski). Każdy z braci ma swój własny rower. Dodatkowo podano, że Janek nie ma niebieskiego rowera i Michał nie ma czerwonego.

  2. Rozbicie problemu na mniejsze kroki:
     - Pierwszym zadaniem jest ustalenie koloru rowerów braci.
     - W drugim kroku odróżnimy każdego z braci po jego rowerze.

  3. Rozwiązanie każdego kroku:
     - Krok 1: Nie wiemy jeszcze kolorów rowerów, ale wiadomo, że Janek nie ma niebieskiego i Michał nie czerwonego. Możemy wykluczyć dwie opcje (niebieski i czerwony), a pozostałe są możliwościami dla każdego z braci.
     - Krok 2: Teraz musimy ustalić, któremu z trzech braci kolorowi rowerów odpowiada. Dla każdej możliwości z poprzedniego kroku wykonujemy test, czy w danym przypadku brat ten nie ma czerwonego roweru (jeśli mamy brata o kolorze czerwonym) lub niebieskiego (jeśli to niebieski rower). Jeżeli tak jest, to brat ten musi mieć rower o pozostałych dwóch kolorach. Testujemy wszystkie trzy możliwości i wykluczamy te, które okazują się niemożliwe dla jakiegoś z braci.
       - Możliwość 1: Janek ma rower czerwony, Michał ma zielony, ktoś inny ma niebieski. (Nie może być tak, bo Janek nie ma niebieskiego i Michał nie czerwonego).
       - Możliwość 2: Janek ma rower zielony, Michał ma czerwony, ktoś inny ma niebieski. (Nie może być tak, bo Janek nie ma niebieskiego i Michał nie czerwonego).
       - Możliwość 3: Janek ma rower niebieski, Michał ma zielony, ktoś inny ma czerwony. (To może być prawdą).

  4. Wniosek: Teraz wiemy, że Janek ma rower niebieski, a Michał ma zielony. Teraz musimy ustalić kolor roweru dla ostatniego brata. Możemy wykorzystać informację o tym, że niebieski i czerwony już zajęte są przez Janka i Michała odpowiednio. Zatem pozostało tylko czerwony rower dla ostatniego brata.

Odpowiedź: Janek ma niebieski rower, Michał ma zielony, a ktoś inny ma czerwony.",Few-Shot CoT,hard,INCORRECT,True
27,Basia jest dwa razy starsza od Ani. Za 4 lata Basia będzie miała 16 lat. Ile lat ma teraz Ania?,6,Odpowiedź: Ania ma 8 lata.,Zero-Shot,medium,INCORRECT,True
27,Basia jest dwa razy starsza od Ani. Za 4 lata Basia będzie miała 16 lat. Ile lat ma teraz Ania?,6,"Odpowiedź: Ania ma 8 lat. (Tego roku Basia mająć będzie 12 lata, a za 4 lata - 16 lat, wtedy różnica między nimi będzie 16-12=4, co oznacza, że teraz Ania ma 8 lat.)",One-Shot,medium,INCORRECT,True
27,Basia jest dwa razy starsza od Ani. Za 4 lata Basia będzie miała 16 lat. Ile lat ma teraz Ania?,6,Odpowiedź: Ania ma 8 lat.,Few-Shot,medium,INCORRECT,True
27,Basia jest dwa razy starsza od Ani. Za 4 lata Basia będzie miała 16 lat. Ile lat ma teraz Ania?,6,"1. Analizuję problem: Basia jest dwa razy starsza od Ani, a za 4 lata Basia będzie miała 16 lat. Chcemy wyznaczyć aktualny wiek Ani.

  2. Rozbijam problemy na mniejsze kroki:
     - Dla początkowego okresu należy wyznaczyć różnicę wieku między Basią a Anią, a następnie zastosować tę różnicę do czasów o których wiadomo.

  3. Rozwiązuję kroki:
     - Basia jest dwa razy starsza od Ani. Jeśli mamy wiedzieć jaki jest aktualny wiek Basi, to możemy wyznaczyć jej wiek poprzedni i podzielić go przez 2 (ponieważ Ania jest młodsza). Wiek ten otrzymany po podziale daje naszą różnicę wieku między Basią a Anią.
     - Jestem wątpliwy, jakie dokładnie lata są nam znane, jednak jeśli za 4 lata Basia będzie miała 16 lat, to po podziale przez 2 (jak powyżej) otrzymamy różnicę wieku między Anią a Basią - 8 lat.
     - Obecny wiek Basi jest 8 lat wyższy od obecnego wieku Ani, więc aktualnie Ania ma 16 - 8 = 8 lat.

  4. Wyciągam ostateczny wniosek:
    Odpowiedź: Ania ma teraz 8 lat.",Zero-Shot CoT,medium,INCORRECT,True
27,Basia jest dwa razy starsza od Ani. Za 4 lata Basia będzie miała 16 lat. Ile lat ma teraz Ania?,6,"1. Analiza problemu: Mamy dwie osoby - Basię i Annę, a także informację, że Basia jest dwa razy starsza od Ani. Wynikiem analizy będzie różnica wieków Basi i Ani oraz fakt, że za 4 lata Basia będzie miała 16 lat.

  2. Rozbicie problemu na kroki:
       - Obliczanie różnicy wieków Basi i Ani (R)
       - Odpowiedź na pytanie o liczbę lat, które musiała upłynąć, aby Basia miała 16 lat. (T)
       - Wyznaczenie obecnej liczby lat Ani (A)

  3. Rozwiązanie każdego kroku:
      - (R) Ponieważ Basia jest dwa razy starsza od Ani, to różnica wieków wynosi 2 lata.
      - (T) Aby Basia miała 16 lat za 4 lata, musiały upłynąć 12 lata.
      - (A) Aby obliczyć aktualną liczbę lat Ani należy odebrać różnicę wieków od teraz i uzupełnić do 16 lat, ponieważ Basia jest już nieco starsza od tej liczby. Więc A = 16 - 12 = 4 lata.

  4. Ostateczny wniosek:
      - Ania ma 4 lata.

Odpowiedź: Ania ma 4 lata.",Few-Shot CoT,medium,INCORRECT,True
28,"Wychodzisz o 7:00, droga trwa 45 min. O której dotrzesz?",7:45,Odpowiedź: 8:00,Zero-Shot,medium,INCORRECT,True
28,"Wychodzisz o 7:00, droga trwa 45 min. O której dotrzesz?",7:45,Odpowiedź: 7:45,One-Shot,medium,CORRECT,True
28,"Wychodzisz o 7:00, droga trwa 45 min. O której dotrzesz?",7:45,Odpowiedź: 8:30,Few-Shot,medium,INCORRECT,True
28,"Wychodzisz o 7:00, droga trwa 45 min. O której dotrzesz?",7:45,"1. Problem: Określenie godziny przybycia na miejscu, gdy wychodzimy o 7:00 i droga trwa 45 min.
  2. Rozbicie problemu na kroki:
     - Wiemy, że zaczynamy w 7:00 (godzina odliczania).
     - Poznajemy czas, jaki upływa w minutach podczas drogi. W tym przypadku jest to 45 minuty.
  3. Rozwiązanie kroków:
      - Znajdziemy ile upłynęło minut od godziny 7 (tj. 07:00) do właściwej godziny dotarcia, czyli odliczając 45 minut z kolejnych 60-minutowych przedziałów czasu.
  4. Wniosek i odpowiedź:
      - Odpowiedź: Dotrzesz o 7:30 (gdyż 45 jest większe niż 0, ale mniejsze od 60, więc bierzemy 1 godzinę i wtedy już tylko dodać ile minuty przekroczyliśmy granicę 30 minut, czyli 45 - 30 = 15 minuty).",Zero-Shot CoT,medium,INCORRECT,True
28,"Wychodzisz o 7:00, droga trwa 45 min. O której dotrzesz?",7:45,"1. Analityczne przetworzenie problemu: Wystawiam zagadkę w postaci ""Czas wyjścia i droga do przejścia"", a odpowiedź powinna być wyrażona w godzinach.

  2. Rozbicie problemu na kroki: Krok 1: Znalazłem czas wyjścia (7:00) i długość drogi (45 min). Teraz muszę określić czas, kiedy dotrą mnie do punktu przejścia.

  3. Rozwiązanie poszczególnych kroków: Krok 2: Długość drogi wynosi 45 minut. Ciężkość dostosowania tej liczby do godzin jest trudna, ponieważ liczba godzin w minucie wynosi 1/60 (ok. 0,017). Więc 45 min są około jednej godzinnej i pięciu minut.

  4. Wyciągnięcie ostatecznego wniosku: Krok 3: Teraz tylko dodaj do godziny wyjścia czas przejścia (około 1 godzina i 5 minut), aby uzyskać odpowiedź.

  5. Wynik końcowy: Odpowiedź: 8:05",Few-Shot CoT,medium,INCORRECT,True
29,"Mama Adama ma trzech synów: Kwiatek, Motylek i...?",Adam,Odpowiedź: Róża (Róża jest trzecim synem Adama),Zero-Shot,easy,INCORRECT,True
29,"Mama Adama ma trzech synów: Kwiatek, Motylek i...?",Adam,Odpowiedź: Różyczka,One-Shot,easy,INCORRECT,True
29,"Mama Adama ma trzech synów: Kwiatek, Motylek i...?",Adam,Odpowiedź: Róża,Few-Shot,easy,INCORRECT,True
29,"Mama Adama ma trzech synów: Kwiatek, Motylek i...?",Adam,"1. Analizuję problem dokładnie: Problem dotyczy nazw osób. Znana jest informacja o jednym z synów Adama - jego imieniu to Kwiatek. Dane nie podają, czy Mama Adama ma jeszcze innych dzieci poza trójką wymienionych, ale zauważam, że trzeba znaleźć nazwę trzeciego syna Adama, którym nie jest Kwiatek.

  2. Rozbiję problem na mniejsze kroki:
     - Znajdę imię drugiego syna Adama (Motylek).
     - Znajdę imię trzeciego syna Adama, którym nie jest Kwiatek.

  3. Rozwiążę każdy krok osobno:
     - Po podaniu informacji o imieniu drugiego syna (Motyleka), problem dotyczył już tylko nazwy trzeciego syna Adama, którym nie jest Kwiatek.
     - Nie ma danych w problemie, które mogą pomóc zidentyfikować imię trzeciego syna Adama, którym nie jest Kwiatek. W takim przypadku najlepszym rozwiązaniem jest połączenie innych informacji, aby można było wykluczyć nazwy pozostałych możliwych imion synów Adama.
     - Wiedzę, że imiona synów Adama są kwiatami (Kwiatek i Motylek są takimi). Zauważam, że imiona wszystkich kwiatów są znane: tulipan, lilijka, róża, mak, marzeczanka, dzwoneczek. Wiedząc, że imię drugiego syna Adama to Motylek, można wykluczyć imiona związane z innymi kwiatami niż tulipan i motylka, czyli mak, róża, marzeczanka i dzwoneczek. Zostaje więc jedno możliwe imię - tulipan.

  4. Wyciągnij ostateczny wniosek:
     Odpowiedź: Mama Adama ma trzech synów: Kwiatek, Motylek i Tulipan.",Zero-Shot CoT,easy,INCORRECT,True
29,"Mama Adama ma trzech synów: Kwiatek, Motylek i...?",Adam,"1. Analiza problemu: Zadana jest informacja, że Mama Adama ma trzech synów, a już wiadomo, że dwa z nich są Kwiatek i Motylek. Tym samym mamy do zdobycia nazwę trzeciego syna.

  2. Rozbicie problemu na mniejsze kroki: Wykorzystując informację o dwóch znanych synach, możemy wyeliminować niektóre możliwe odpowiedzi, czyli imiona synów innych rodzin.

  3. Rozwiązanie kroków: Wiemy, że mamy trzech synów, a dwa z nich noszą imiona Kwiatek i Motylek. Oznacza to, że jeszcze jeden syn ma inne imię niż wymienione.

  4. Wniosek końcowy: Nazwą trzeciego syna Adama jest... nie dano informacji w zadaniu, ale zauważamy, że możliwe są tylko takie imiona, które nie zostały jeszcze przydzielone nikomu.",Few-Shot CoT,easy,INCORRECT,True
30,3 koty łapią 3 myszy w 3 minuty. Ile 6 kotów w 6 minut?,12,"12 myszy (lub też 2 razy więcej myszów niż kotów)
Odpowiedź: 12 myszy",Zero-Shot,medium,CORRECT,True
30,3 koty łapią 3 myszy w 3 minuty. Ile 6 kotów w 6 minut?,12,6 kotów łapią 18 myszów w 6 minut,One-Shot,medium,INCORRECT,True
30,3 koty łapią 3 myszy w 3 minuty. Ile 6 kotów w 6 minut?,12,Odpowiedź: 18 myszy,Few-Shot,medium,INCORRECT,True
30,3 koty łapią 3 myszy w 3 minuty. Ile 6 kotów w 6 minut?,12,"1. Analizacja problemu: Dane są informacje, że trzy koty łapią trzy myszy każdy w trzech minutach. Zadaniem jest ustalenie ilu 6 kotów może łapać 6 myszek w ciągu sześciu minut.

  2. Rozbicie problemu na mniejsze kroki: Pierwszy krok – ustalenie, jak szybko jeden kot łapie myszę; drugi krok - ustalenie, ile myszek 6 kotów może łapać razem w jednej minutce.

  3. Rozwiązanie każdego kroku: Pierwszy krok – jeśli trzy koty łapą trzy myszy w trzech minutach, to w jednej minucie kot łapi tę samą myszę raz. Tym samym dwa kota łapią po dwie myszki w jednej minucie (bo 3/3 = 1 i 2*2 = 4). Cztery kota łapiają więc 8 myszek w jednej minucie (bo 4*2 = 8). Sześć kotów więc łapie w jednej minucie 12 myszek (bo 6*2 = 12).

  4. Wyciąganie ostatecznego wniosku: Gdyby sześciu kotom dano sześć minut na złapanie sześciu myszek, to w każdej minucie mieli by oni łapać po dwadzieścia myszy (bo 12*6 = 72 i gdyby po 6 minutach ilość łowionych myszek rosnęła liniowo, to wszystkie sześć minut mieliby by łapać po dwadzieścia myszy).",Zero-Shot CoT,medium,INCORRECT,True
30,3 koty łapią 3 myszy w 3 minuty. Ile 6 kotów w 6 minut?,12,"1. Analityczny przegląd problemu: Zagadka opisuje sytuację trzech kotów, którzy łapią trzy myszy w trzech minutach. Pytamy, co dzieje się gdy zwiększamy liczbę kotów i minuty na dwie razy (do szóstki).

  2. Rozbicie problemu na mniejsze kroki: Pierwszy krok polega na ustaleniu, ile myszy jeden kot może łapać w jednej minutce. Odpowiedź wynika z informacji, że trzy koty łapią trzy myszy w trzech minutach (jedna minuta na każdego kota). Tym samym każdy kot łapie po jednej myszce w jednej minucie.

  3. Rozwiązanie kroku: Jeśli zwiększamy liczbę kotów i minut na dwie razy, to każdy kot będzie miał dwukrotnie więcej czasu (dwa minuty) aby łapać swoje myszki. W dwóch minutach każdy kot może łapać dwa razy więcej myszy, bo już teraz ma dwukrotnie więcej czasu na to zrobienie (dwie minuty na jedną minutę).

  4. Ostateczny wniosek: Gdy zwiększamy liczbę kotów i minut do szóstki, każdy z sześciu kotów będzie łapał po dwie myszki w dwóch minutach. Dlatego trzy koty łapią 3 myszy w 3 minuty, a sześć kotów będzie łapało 6 myszek w 6 minutach.

  5. Wynik: Odpowiedź: 6 myszy w 6 minutach",Few-Shot CoT,medium,INCORRECT,True
31,W klasie są 24 dzieci. Ile rąk razem?,48,Odpowiedź: 48 (każdy dziecko ma po dwie ręce),Zero-Shot,easy,CORRECT,True
31,W klasie są 24 dzieci. Ile rąk razem?,48,Odpowiedź: 48 (gdyż każde dziecko ma po dwie ręce),One-Shot,easy,CORRECT,True
31,W klasie są 24 dzieci. Ile rąk razem?,48,Odpowiedź: 48 (gdyż po dwie ręce ma każda osoba),Few-Shot,easy,CORRECT,True
31,W klasie są 24 dzieci. Ile rąk razem?,48,"1. Pierwszy krok: Zanalizujemy problem dokładnie. W klasie jest 24 dziecko, a każde z nich ma dwie ręce.
  2. Drugi krok: Rozbijamy problem na mniejsze kroki. Musimy liczyć ilu razem jest rąk wszystkich dzieci.
  3. Trzeci krok: Liczymy ilu rąk ma każde dziecko. Założywszy, że każdy poszczególny uczeń ma dwie ręce, możemy złożyć sumę i uzyskać liczbę wszystkich rąk w klasie.
  4. Czwarty krok: Wiemy, że każde dziecko ma 2 ręki. Stąd ilu razem jest rąk wszystkich uczniów to te same liczby jak liczba dzieci pomnożona przez 2 (przyjmując, że jeden chłopak lub dziewczyna reprezentuje po jednej ręce).
  5. Ostateczny krok: W sumie jest to więc: 24 dzieci * 2 ręki na uczniu = 48 rąk (ponieważ pojedynczy chłopak lub dziewczyna liczy jako jedna ręka).

Odpowiedź: Ilu razem jest rąk w klasie? 48",Zero-Shot CoT,easy,CORRECT,True
31,W klasie są 24 dzieci. Ile rąk razem?,48,"1. Analiza problemu: W klasie znajduje się 24 dzieci, potrzebne jest wiedzieć ilu dzieci ma po jednej ręce aby odpowiedzieć na pytanie o ilu razem dzieci mają ręce.
  2. Rozbicie problemu na mniejsze kroki: Warto zauważyć, że ile dzieci ma po jednej ręce to jest też ilość rąk (bo każda ręka należy do jednego dziecka), a więc liczba dzieci używających po jednej ręce odpowiada liczbie rąk.
  3. Rozwiązanie poszczególnych kroków: Jeżeli każde dziecko ma dwie ręce, to 24 dzieci mają łącznie 2*24 = 48 rąk. Jednak w klasie są tylko 24 dzieci. Wiemy, że ilu dzieci ma po jednej ręce, to też ile razem mają ręki, bo każda ręka należy do jednego dziecka. Zatem nie wszystkie dzieci muszą mieć dwie ręce.
  4. Ostateczny wniosek: W klasie musi być 24-x dzieci, które mają po dwie ręce i x dzieci, które mają po jednej ręce. Suma rąk jest zatem 48 (2*24), ale możemy ją rozdzielić na część z dziećmi posiadającymi po dwie ręce oraz część z dziećmi posiadającymi po jedną. Dlatego x + 2*24 = 48, a więc x=48-2*24 = 0. Zatem nie ma dzieci które mają pojedynczą rękę.

Odpowiedź: W klasie nie ma dzieci z jedną ręką.",Few-Shot CoT,easy,INCORRECT,True
32,Suma trzech kolejnych liczb wynosi 30. Jakie to liczby?,"9,10,11","Odpowiedź: 10, 15 i 25 (suma: 30)",Zero-Shot,medium,INCORRECT,True
32,Suma trzech kolejnych liczb wynosi 30. Jakie to liczby?,"9,10,11","Odpowiedź: 10, 15, 30 (nie zapisuje się tu liczby powtórzonej, ale trzy kolejne liczby dodane do siebie dają 30)",One-Shot,medium,INCORRECT,True
32,Suma trzech kolejnych liczb wynosi 30. Jakie to liczby?,"9,10,11","Odpowiedź: 8, 9, 13",Few-Shot,medium,INCORRECT,True
32,Suma trzech kolejnych liczb wynosi 30. Jakie to liczby?,"9,10,11","1. Analizuję problem i zauważam, że chodzi o sumę trzech kolejnych liczb. Pamiętam, że w matematyce, aby uzyskać sumę liczb kolejnych, należy znaleźć ich pierwszy człon i wyrażenie, które pozwala na odnalezienie każdej kolejnej liczby.
  2. Rozbijam problem na mniejsze kroki:
     - Znajdę pierwszy człon sumy trzech liczb kolejnych.
     - Wyrafinuję wyrażenie, które pozwoli mi odnaleźć każdej kolejnej liczby z tej sumy.
  3. Rozwiązuję każdy krok osobno:
     - Pierwszy człon sumy trzech liczb kolejnych to L1 (najmniejsza z nich).
     - Drugą liczbę kolejną od L1 można znaleźć poprzez dodanie do L1 jedynki. Nazwijmy ją L2.
     - Trzecią liczbę kolejną (największą) otrzymujemy poprzez dodanie do L2 dwóch razy jedynki. Nazwijmy ją L3.
  4. Wyciągam ostateczny wniosek:
     - Suma trzech kolejnych liczb to L1 + L2 + L3 = L1 + (L1 + 1) + (L1 + 1 + 1) = 3 * L1 + 2.
     - Aby mniejsza z sumy trzech kolejnych liczb była równa 30, to należy znaleźć taką liczbę L1, że jej trzykrotne plus dwa wynosi 30. Znamy kilka metod do tego typu rozwiązywania równań, jedna z nich polega na próbkowaniu odpowiednich liczb i sprawdzeniu, czy ich trzykrotne plus dwa jest równe 30. Zaczynamy od najmniejszej liczby i przechodzimy do kolejnych.
     - Wtedy okazuje się, że jeśli L1 = 8, to suma trzech kolejnych liczb kolejnych wynosi 30 (8 + 9 + 13 = 30).

Odpowiedź: Liczby są 8, 9 i 13.",Zero-Shot CoT,medium,INCORRECT,True
32,Suma trzech kolejnych liczb wynosi 30. Jakie to liczby?,"9,10,11","1. Analizuję problem - mamy trzy nieznane liczby, które tworzą sumę równą 30. Należy je znaleźć.

2. Rozbijam zagadkę na kroki - muszę odgadnąć kolejno każdą liczbę i sprawdzić, czy ich suma jest równa 30.

3. Pierwszy krok - oznaczę jedną z nieznanych liczb jako 'a'.

4. Drugim krokiem - wypiszę dwie kolejne liczby, które stanowią sumę równą 27 (bo znam już 'a' i wieć, że liczby są kolejne i całkowite). Oznaczę drugą liczbę jako 'b'.
Następnie oznaczę trzecią liczbę jako 'c', gdzie c = 30 - (a + b) (bo wiem, że suma trzech liczb to 30).

5. Sprawdzam poprawność wyników - sprawdzam, czy a+b+c = 30. Jeśli tak, otrzymam odpowiedź:

Odpowiedź: a = 4, b = 13, c = 13 (bo trzeba, byby te liczby były kolejne) lub a = 5, b = 12, c = 13.",Few-Shot CoT,medium,INCORRECT,True
33,"Tomek jest młodszy od Michała, ale starszy od Piotra. Kto jest najstarszy?",Michał,"Odpowiedź: Tomek jest starszy od Piotra, ale nie możemy powiedzieć, kto jest najstarszy spośród trójki, gdyż tylko dwa z nich porównaliśmy.",Zero-Shot,easy,INCORRECT,True
33,"Tomek jest młodszy od Michała, ale starszy od Piotra. Kto jest najstarszy?",Michał,Odpowiedź: Michał,One-Shot,easy,CORRECT,True
33,"Tomek jest młodszy od Michała, ale starszy od Piotra. Kto jest najstarszy?",Michał,Odpowiedź: Michał,Few-Shot,easy,CORRECT,True
33,"Tomek jest młodszy od Michała, ale starszy od Piotra. Kto jest najstarszy?",Michał,"1. Analiza problemu: Otrzymuję dane o trzech osobach - Tomek, Michał i Piotr. Informacja mówi, że Tomek jest młodszy od Michała oraz starszy od Piotra. Zadaniem jest ustalenie, kto z trójki jest najstarszy.

  2. Rozbicie problemu na mniejsze kroki:
    - Dla każdej pary (Tomek-Michał, Tomek-Piotr, Michał-Piotr) sprawdzamy czy jest możliwość, że jedna osoba jest starsza od drugiej.
    - Jeśli jest możliwość, to określamy stosunek wieku między nimi (Tomek młodszy od Michała -1, Tomek starszy od Piotra - 1, Michał starszy od Piotra -1)
    - Po wyliczeniu stosunków dla wszystkich par zwracam się do danej relacji (Tomek młodszy od Michała, Tomek starszy od Piotra), aby określić ostatnią nieznaną relację (czy Michał jest starszy od Piotra).
    - W razie możliwości zbudowania dwa stosunki -1, to najstarszym jest ten kto ma więcej stosunków -1.

  3. Rozwiązanie każdego kroku:
    - Tomek-Michał: (Tomek młodszy od Michała) - 1, czyli Michał jest starszy od Tomeka.
    - Tomek-Piotr: (Tomek starszy od Piotra) - 1, czyli Piotr jest młodszy od Tomeka.

  4. Wniosek:
    - Nie ma informacji o relacji pomiędzy Michałem i Piotrem.
    - Na podstawie posiadanych danych można stwierdzić, że Tomek jest młodszy od Michała, a starszy od Piotra. Zatem musi istnieć trzecia osoba (najstarsza) która jest starsza niż Tomek i młodsza od Michała, ale nie wiadomo czy jest starsza od Piotra.
    - Najlepiej uzupełnić informacje o relacji pomiędzy Michałem a Piotrem, aby zorientować się kto jest najstarszy.",Zero-Shot CoT,easy,INCORRECT,True
33,"Tomek jest młodszy od Michała, ale starszy od Piotra. Kto jest najstarszy?",Michał,"1. Analiza problemu: Zadana jest relacja wieku między trzema osobami (Tomek, Michał i Piotr). Wskazano, że Tomek jest młodszy od Michała oraz starszy od Piotra.

  2. Rozbicie problemu na kroki: Sprawdzenie wieku Tometka, Michała i Piotra, a potem porównanie ich wieków, aby określić, kto jest najstarszy.

  3. Rozwiązanie pierwszego kroku:
     - Nie podano informacji o wieku Tometka, więc nie możemy go ustalić w tej chwili.
     - Nie podano informacji o wieku Michała i Piotra, więc nie możemy porównać ich wieków i określić kto jest najstarszy.

  4. Rozwiązanie drugiego kroku:
     - Jeśli Tomek jest starszy od Piotra, to wskazuje to na fakt, że jego wiek jest większy od wieku Piotra, ale mniejszy od wieku Michała.
     - W związku z tym, możemy stwierdzić, że wiek Tometka leży między wiekiem Michała a wiekiem Piotra.
     - Zatem nie może być najstarszym spośród trójki (ponieważ jest starszy od Piotra, ale młodszy od Michała).

  5. Rozwiązanie trzeciego kroku:
     - Jeśli Tomek jest najmłodszy z trzech osób, to może być Michał lub Piotr, który jest starszy od niego.
     - Nie ma informacji, które pozwalają określić, kto jest starszy, ani kogo z nich Tomek jest młodszy.
     - Więc możemy stwierdzić tylko, że Tomek jest najmłodszy spośród trójki i nie da się określić, który z Michała i Piotra jest starszy.

  6. Ostateczne rozumowanie:
     - Nie można stwierdzić, kto jest najstarszy spośród Tometka, Michała i Piotra. Więc w odpowiedzi powinno być takie, aby nikt nie był określony jako najstarszy (nie ma odpowiedzi).",Few-Shot CoT,easy,INCORRECT,True
34,Liczba 9 większa niż 6. Prawda czy fałsz?,prawda,Odpowiedź: Prawda,Zero-Shot,easy,CORRECT,True
34,Liczba 9 większa niż 6. Prawda czy fałsz?,prawda,Odpowiedź: Prawda,One-Shot,easy,CORRECT,True
34,Liczba 9 większa niż 6. Prawda czy fałsz?,prawda,Odpowiedź: Prawda,Few-Shot,easy,CORRECT,True
34,Liczba 9 większa niż 6. Prawda czy fałsz?,prawda,"1. Analizujemy problem: Podano dwie liczby - 9 i 6. Prosimy się o porównanie ich wielkości.

2. Rozbijamy problem na mniejsze kroki: Sprawdzamy, czy liczba 9 jest większa od liczby 6.

3. Rozwiązujemy każdy krok osobno:
   - Sprawdzenie, czy liczba 9 większa jest niż 6. Wiemy, że 9 > 6 więc odpowiedź na pytanie czy 9 jest większa niż 6 to 'Prawda'.

4. Wyciągamy ostateczny wniosek:
   - Odpowiedź: Prawda (lub T, gdy chodzi o skrótową odpowiedź)",Zero-Shot CoT,easy,CORRECT,True
34,Liczba 9 większa niż 6. Prawda czy fałsz?,prawda,"1. Analiza problemu: Dokładnie sprawdzamy, czy liczba 9 jest większa od liczby 6.

  2. Rozbicie problemu na mniejsze kroki: Sprawdzenie liczb różnic: 9 - 6 = 3.

  3. Rozwiązanie kroku: Liczba 3 jest pozytywna, co oznacza, że 9 jest większa od 6.

  4. Wniosek końcowy: Która liczba jest większa: 9 czy 6? Odpowiedź: 9",Few-Shot CoT,easy,CORRECT,True
